chapter,page_index,path,exists,byte_size,sha256,decoded_width,decoded_height,region_count,status
ore-ni-trauma-wo-ataeta-joshitachi-ga-chirachira-mitekuru-kedo-zannen-desu-ga-teokure-desu_ch16,1,C:\Users\User\Downloads\manga_test_chapters\ore-ni-trauma-wo-ataeta-joshitachi-ga-chirachira-mitekuru-kedo-zannen-desu-ga-teokure-desu_ch16\01.jpg,True,231433,2fda0b4135afae324272928d4a9eb7633d3f42d77f30f26ef04a7faff1769a45,1125,1600,2,readable
ore-ni-trauma-wo-ataeta-joshitachi-ga-chirachira-mitekuru-kedo-zannen-desu-ga-teokure-desu_ch16,2,C:\Users\User\Downloads\manga_test_chapters\ore-ni-trauma-wo-ataeta-joshitachi-ga-chirachira-mitekuru-kedo-zannen-desu-ga-teokure-desu_ch16\02.jpg,True,249693,f5976d07942be40ccc456d666c3b70fcd64b4ef009d1eb39ec96f85abbc2694e,1125,1600,10,readable
ore-ni-trauma-wo-ataeta-joshitachi-ga-chirachira-mitekuru-kedo-zannen-desu-ga-teokure-desu_ch16,3,C:\Users\User\Downloads\manga_test_chapters\ore-ni-trauma-wo-ataeta-joshitachi-ga-chirachira-mitekuru-kedo-zannen-desu-ga-teokure-desu_ch16\03.jpg,True,255180,f5ec5b6944fa5ed5225061475fe73a74c6270dc0aa4b9b3e242139321faf2753,1125,1600,8,readable
ore-ni-trauma-wo-ataeta-joshitachi-ga-chirachira-mitekuru-kedo-zannen-desu-ga-teokure-desu_ch16,4,C:\Users\User\Downloads\manga_test_chapters\ore-ni-trauma-wo-ataeta-joshitachi-ga-chirachira-mitekuru-kedo-zannen-desu-ga-teokure-desu_ch16\04.jpg,True,350473,638e6e5b2f81fb9dcccbbcf3272498d3f6cb07f137575c3825c21693a5daf58e,1125,1600,1,readable
ore-ni-trauma-wo-ataeta-joshitachi-ga-chirachira-mitekuru-kedo-zannen-desu-ga-teokure-desu_ch16,5,C:\Users\User\Downloads\manga_test_chapters\ore-ni-trauma-wo-ataeta-joshitachi-ga-chirachira-mitekuru-kedo-zannen-desu-ga-teokure-desu_ch16\05.jpg,True,244943,5d4d5d410c1ad1f73ff39137e86e54ddc65826f5ff7d876a15d988abb9b6aec0,1125,1600,7,readable
ore-ni-trauma-wo-ataeta-joshitachi-ga-chirachira-mitekuru-kedo-zannen-desu-ga-teokure-desu_ch16,6,C:\Users\User\Downloads\manga_test_chapters\ore-ni-trauma-wo-ataeta-joshitachi-ga-chirachira-mitekuru-kedo-zannen-desu-ga-teokure-desu_ch16\06.jpg,True,390927,c242b4408bf7005aeaeabea0c6006240938a7e0efe647daf8a6f680469bfe3ff,1125,1600,3,readable
ore-ni-trauma-wo-ataeta-joshitachi-ga-chirachira-mitekuru-kedo-zannen-desu-ga-teokure-desu_ch16,7,C:\Users\User\Downloads\manga_test_chapters\ore-ni-trauma-wo-ataeta-joshitachi-ga-chirachira-mitekuru-kedo-zannen-desu-ga-teokure-desu_ch16\07.jpg,True,293885,d137231501bb7bff46ad019727d801f3156e1d6047b3058442952b93a9b21582,1125,1600,19,readable
ore-ni-trauma-wo-ataeta-joshitachi-ga-chirachira-mitekuru-kedo-zannen-desu-ga-teokure-desu_ch16,8,C:\Users\User\Downloads\manga_test_chapters\ore-ni-trauma-wo-ataeta-joshitachi-ga-chirachira-mitekuru-kedo-zannen-desu-ga-teokure-desu_ch16\08.jpg,True,281847,f19760a2f6e1fb26afc1375d938f73bef3bd034d7b5806dc0e6ab70eb2d14b5d,1125,1600,9,readable
ore-ni-trauma-wo-ataeta-joshitachi-ga-chirachira-mitekuru-kedo-zannen-desu-ga-teokure-desu_ch16,9,C:\Users\User\Downloads\manga_test_chapters\ore-ni-trauma-wo-ataeta-joshitachi-ga-chirachira-mitekuru-kedo-zannen-desu-ga-teokure-desu_ch16\09.jpg,True,286322,9cebac1a142dbbfef959421b95b960a6db69e304022df2a1f91cc27a3fbde686,1125,1600,12,readable
ore-ni-trauma-wo-ataeta-joshitachi-ga-chirachira-mitekuru-kedo-zannen-desu-ga-teokure-desu_ch16,10,C:\Users\User\Downloads\manga_test_chapters\ore-ni-trauma-wo-ataeta-joshitachi-ga-chirachira-mitekuru-kedo-zannen-desu-ga-teokure-desu_ch16\10.jpg,True,290206,74722cf500a5fecc281c621a6fa6f0dee305c239e7393252b5e564ba768fc717,1125,1600,9,readable
ore-ni-trauma-wo-ataeta-joshitachi-ga-chirachira-mitekuru-kedo-zannen-desu-ga-teokure-desu_ch16,11,C:\Users\User\Downloads\manga_test_chapters\ore-ni-trauma-wo-ataeta-joshitachi-ga-chirachira-mitekuru-kedo-zannen-desu-ga-teokure-desu_ch16\11.jpg,True,258653,e3198e97347470ba6d6540d68297ef1f38c9e0b9654d99baf589fc19d8d141b2,1125,1600,9,readable
ore-ni-trauma-wo-ataeta-joshitachi-ga-chirachira-mitekuru-kedo-zannen-desu-ga-teokure-desu_ch16,12,C:\Users\User\Downloads\manga_test_chapters\ore-ni-trauma-wo-ataeta-joshitachi-ga-chirachira-mitekuru-kedo-zannen-desu-ga-teokure-desu_ch16\12.jpg,True,300002,f567755dfce5a06e6126a4d68577ff500221aa2852d16c7cdf1333a113b48fc6,1125,1600,8,readable
ore-ni-trauma-wo-ataeta-joshitachi-ga-chirachira-mitekuru-kedo-zannen-desu-ga-teokure-desu_ch16,13,C:\Users\User\Downloads\manga_test_chapters\ore-ni-trauma-wo-ataeta-joshitachi-ga-chirachira-mitekuru-kedo-zannen-desu-ga-teokure-desu_ch16\13.jpg,True,281115,0b1e5fe0578458c271556dff81394925df1c0cf53b85ced9d895e5c3ec1da0d0,1125,1600,3,readable
ore-ni-trauma-wo-ataeta-joshitachi-ga-chirachira-mitekuru-kedo-zannen-desu-ga-teokure-desu_ch16,14,C:\Users\User\Downloads\manga_test_chapters\ore-ni-trauma-wo-ataeta-joshitachi-ga-chirachira-mitekuru-kedo-zannen-desu-ga-teokure-desu_ch16\14.jpg,True,261658,b2087dda219999f492f50b5e9c0b2bda399ff051aba587669177bdde10b608c7,1125,1600,5,readable
ore-ni-trauma-wo-ataeta-joshitachi-ga-chirachira-mitekuru-kedo-zannen-desu-ga-teokure-desu_ch16,15,C:\Users\User\Downloads\manga_test_chapters\ore-ni-trauma-wo-ataeta-joshitachi-ga-chirachira-mitekuru-kedo-zannen-desu-ga-teokure-desu_ch16\15.jpg,True,259816,8d02b7ae54d7b4c7e3463cd263b5d90e1cb17fbb1532c340f47e8e954828f303,1125,1600,3,readable
ore-ni-trauma-wo-ataeta-joshitachi-ga-chirachira-mitekuru-kedo-zannen-desu-ga-teokure-desu_ch16,16,C:\Users\User\Downloads\manga_test_chapters\ore-ni-trauma-wo-ataeta-joshitachi-ga-chirachira-mitekuru-kedo-zannen-desu-ga-teokure-desu_ch16\16.jpg,True,282338,dc0cf5c2bc731fd9064530f568b695b0b366c83cf16ed1325bc5ad927aeecbd9,1125,1600,9,readable
ore-ni-trauma-wo-ataeta-joshitachi-ga-chirachira-mitekuru-kedo-zannen-desu-ga-teokure-desu_ch16,17,C:\Users\User\Downloads\manga_test_chapters\ore-ni-trauma-wo-ataeta-joshitachi-ga-chirachira-mitekuru-kedo-zannen-desu-ga-teokure-desu_ch16\17.jpg,True,269562,5549cb587ee6080145b9bb8faa77a333b45d66bc4b5aa508dc4d90fa5ec800fa,1125,1600,7,readable
ore-ni-trauma-wo-ataeta-joshitachi-ga-chirachira-mitekuru-kedo-zannen-desu-ga-teokure-desu_ch16,18,C:\Users\User\Downloads\manga_test_chapters\ore-ni-trauma-wo-ataeta-joshitachi-ga-chirachira-mitekuru-kedo-zannen-desu-ga-teokure-desu_ch16\18.jpg,True,296339,eedbc5118540c93fc91b9dd6b4239c2a64e8372d26563780d6682f30942e9a31,1125,1600,6,readable
ore-ni-trauma-wo-ataeta-joshitachi-ga-chirachira-mitekuru-kedo-zannen-desu-ga-teokure-desu_ch16,19,C:\Users\User\Downloads\manga_test_chapters\ore-ni-trauma-wo-ataeta-joshitachi-ga-chirachira-mitekuru-kedo-zannen-desu-ga-teokure-desu_ch16\19.jpg,True,252814,c623b0bfa7da6e30c564da7358807db82d32955473a5439ba22034c29f2e1d7e,1125,1600,8,readable
ore-ni-trauma-wo-ataeta-joshitachi-ga-chirachira-mitekuru-kedo-zannen-desu-ga-teokure-desu_ch16,20,C:\Users\User\Downloads\manga_test_chapters\ore-ni-trauma-wo-ataeta-joshitachi-ga-chirachira-mitekuru-kedo-zannen-desu-ga-teokure-desu_ch16\20.jpg,True,342214,119232fc98211fd342bd2f239e2fb19bde256445aba01d91478736c368db1c7b,1125,1600,12,readable
ore-ni-trauma-wo-ataeta-joshitachi-ga-chirachira-mitekuru-kedo-zannen-desu-ga-teokure-desu_ch16,21,C:\Users\User\Downloads\manga_test_chapters\ore-ni-trauma-wo-ataeta-joshitachi-ga-chirachira-mitekuru-kedo-zannen-desu-ga-teokure-desu_ch16\21.jpg,True,274815,b265d6411591645e8ffbbce2ca8cf1540b1c62abee582618f8af620e016d50c9,1125,1600,10,readable
ore-ni-trauma-wo-ataeta-joshitachi-ga-chirachira-mitekuru-kedo-zannen-desu-ga-teokure-desu_ch16,22,C:\Users\User\Downloads\manga_test_chapters\ore-ni-trauma-wo-ataeta-joshitachi-ga-chirachira-mitekuru-kedo-zannen-desu-ga-teokure-desu_ch16\22.jpg,True,284198,b0e640c88864bc9575cefdba3c7d8c1c69159d2256d4d26b0952c1b68b7398cb,1125,1600,9,readable
ore-ni-trauma-wo-ataeta-joshitachi-ga-chirachira-mitekuru-kedo-zannen-desu-ga-teokure-desu_ch16,23,C:\Users\User\Downloads\manga_test_chapters\ore-ni-trauma-wo-ataeta-joshitachi-ga-chirachira-mitekuru-kedo-zannen-desu-ga-teokure-desu_ch16\23.jpg,True,193895,1a3c9e3aa1fa539d75e0bc265b8bd445533b64d545817fa14d8d6af8bd863c08,1125,1600,5,readable
ore-ni-trauma-wo-ataeta-joshitachi-ga-chirachira-mitekuru-kedo-zannen-desu-ga-teokure-desu_ch16,24,C:\Users\User\Downloads\manga_test_chapters\ore-ni-trauma-wo-ataeta-joshitachi-ga-chirachira-mitekuru-kedo-zannen-desu-ga-teokure-desu_ch16\24.jpg,True,279956,4b3a0333bf8295416cccddf8eebb2607da4cc715777e1b5a45908dea73f2b09d,1125,1600,7,readable
ore-ni-trauma-wo-ataeta-joshitachi-ga-chirachira-mitekuru-kedo-zannen-desu-ga-teokure-desu_ch16,25,C:\Users\User\Downloads\manga_test_chapters\ore-ni-trauma-wo-ataeta-joshitachi-ga-chirachira-mitekuru-kedo-zannen-desu-ga-teokure-desu_ch16\25.jpg,True,302084,450aefa1a763db75b5930eb93bccfc8b4f23e20c0b9fb24bced4b5bef0bb547c,1125,1600,7,readable
ore-ni-trauma-wo-ataeta-joshitachi-ga-chirachira-mitekuru-kedo-zannen-desu-ga-teokure-desu_ch16,26,C:\Users\User\Downloads\manga_test_chapters\ore-ni-trauma-wo-ataeta-joshitachi-ga-chirachira-mitekuru-kedo-zannen-desu-ga-teokure-desu_ch16\26.jpg,True,253495,66d1cfdbb2108839a27853929dcd4cb836fda699a27ee5509ec8b1d0f46f3520,1125,1600,7,readable
ore-ni-trauma-wo-ataeta-joshitachi-ga-chirachira-mitekuru-kedo-zannen-desu-ga-teokure-desu_ch16,27,C:\Users\User\Downloads\manga_test_chapters\ore-ni-trauma-wo-ataeta-joshitachi-ga-chirachira-mitekuru-kedo-zannen-desu-ga-teokure-desu_ch16\27.jpg,True,254869,600f9b57c2989774d41211954ce41c2ed9186c243173a845150b17ded13762b8,1125,1600,9,readable
ore-ni-trauma-wo-ataeta-joshitachi-ga-chirachira-mitekuru-kedo-zannen-desu-ga-teokure-desu_ch16,28,C:\Users\User\Downloads\manga_test_chapters\ore-ni-trauma-wo-ataeta-joshitachi-ga-chirachira-mitekuru-kedo-zannen-desu-ga-teokure-desu_ch16\28.jpg,True,269288,f4b96f8c44a8fee4cd903bc26a04abb4c731095fc666e2181ee746a1f7d342bd,1125,1600,4,readable
ore-ni-trauma-wo-ataeta-joshitachi-ga-chirachira-mitekuru-kedo-zannen-desu-ga-teokure-desu_ch16,29,C:\Users\User\Downloads\manga_test_chapters\ore-ni-trauma-wo-ataeta-joshitachi-ga-chirachira-mitekuru-kedo-zannen-desu-ga-teokure-desu_ch16\29.jpg,True,289488,88547654a7e9f1d2f6ca351c8fc639348223f7e3efc1750a097a6671b00aca3d,1125,1600,9,readable
ore-ni-trauma-wo-ataeta-joshitachi-ga-chirachira-mitekuru-kedo-zannen-desu-ga-teokure-desu_ch16,30,C:\Users\User\Downloads\manga_test_chapters\ore-ni-trauma-wo-ataeta-joshitachi-ga-chirachira-mitekuru-kedo-zannen-desu-ga-teokure-desu_ch16\30.jpg,True,264320,1fd8d3dfae156779fb963211e043aa508cc6eb903a0cbe8b9056ca0c7b9c0dc9,1125,1600,6,readable
ore-ni-trauma-wo-ataeta-joshitachi-ga-chirachira-mitekuru-kedo-zannen-desu-ga-teokure-desu_ch16,31,C:\Users\User\Downloads\manga_test_chapters\ore-ni-trauma-wo-ataeta-joshitachi-ga-chirachira-mitekuru-kedo-zannen-desu-ga-teokure-desu_ch16\31.jpg,True,317190,f9ce99229436d7a314c5f1b44df6bcd3622dc601650e6c2f17c696f6520e365e,1125,1600,5,readable
ore-ni-trauma-wo-ataeta-joshitachi-ga-chirachira-mitekuru-kedo-zannen-desu-ga-teokure-desu_ch16,32,C:\Users\User\Downloads\manga_test_chapters\ore-ni-trauma-wo-ataeta-joshitachi-ga-chirachira-mitekuru-kedo-zannen-desu-ga-teokure-desu_ch16\32.jpg,True,383157,93789126a13a1f5990939161830436a85f78dad95dc9405eab071f6062e5e089,1125,1600,3,readable
tonari-no-seki-no-seijo-sama-wa-ore-ni-kossori-sukaato-no-naka-o-oshiete-kureru_ch1,1,C:\Users\User\Documents\TachiyomiAT-1.16.8-dev\TachiyomiAT-1.16.8-dev\TachiyomiAT-1.16.8-dev\_gui_probe\dl_out\tonari-no-seki-no-seijo-sama-wa-ore-ni-kossori-sukaato-no-naka-o-oshiete-kureru_ch1\01.jpg,True,422820,b657d4a7967b5b93be3afd3716177cf5d6ce743b53a326dab240f1661deea59e,1284,1843,4,readable
tonari-no-seki-no-seijo-sama-wa-ore-ni-kossori-sukaato-no-naka-o-oshiete-kureru_ch1,2,C:\Users\User\Documents\TachiyomiAT-1.16.8-dev\TachiyomiAT-1.16.8-dev\TachiyomiAT-1.16.8-dev\_gui_probe\dl_out\tonari-no-seki-no-seijo-sama-wa-ore-ni-kossori-sukaato-no-naka-o-oshiete-kureru_ch1\02.jpg,True,628906,193066920340b69671b62da0514033cce3282eb1b1e814fd92631aeaf9f6806e,1284,1843,6,readable
tonari-no-seki-no-seijo-sama-wa-ore-ni-kossori-sukaato-no-naka-o-oshiete-kureru_ch1,3,C:\Users\User\Documents\TachiyomiAT-1.16.8-dev\TachiyomiAT-1.16.8-dev\TachiyomiAT-1.16.8-dev\_gui_probe\dl_out\tonari-no-seki-no-seijo-sama-wa-ore-ni-kossori-sukaato-no-naka-o-oshiete-kureru_ch1\03.jpg,True,596101,03e3c786cdfd33671eb9b7a30e6f0d20335d4337a42a5a222897e5c1394c3e96,1284,1843,3,readable
tonari-no-seki-no-seijo-sama-wa-ore-ni-kossori-sukaato-no-naka-o-oshiete-kureru_ch1,4,C:\Users\User\Documents\TachiyomiAT-1.16.8-dev\TachiyomiAT-1.16.8-dev\TachiyomiAT-1.16.8-dev\_gui_probe\dl_out\tonari-no-seki-no-seijo-sama-wa-ore-ni-kossori-sukaato-no-naka-o-oshiete-kureru_ch1\04.jpg,True,515377,60fa6f76da13c045166096a2c906151395464027211d40e18fcf681cf050fc6f,1284,1843,6,readable
tonari-no-seki-no-seijo-sama-wa-ore-ni-kossori-sukaato-no-naka-o-oshiete-kureru_ch1,5,C:\Users\User\Documents\TachiyomiAT-1.16.8-dev\TachiyomiAT-1.16.8-dev\TachiyomiAT-1.16.8-dev\_gui_probe\dl_out\tonari-no-seki-no-seijo-sama-wa-ore-ni-kossori-sukaato-no-naka-o-oshiete-kureru_ch1\05.jpg,True,600569,1e375b12d4c24cc576e25222b62dad5d43b5f6f74c5ec6d749c2d9a9d455f970,1284,1843,3,readable
tonari-no-seki-no-seijo-sama-wa-ore-ni-kossori-sukaato-no-naka-o-oshiete-kureru_ch1,6,C:\Users\User\Documents\TachiyomiAT-1.16.8-dev\TachiyomiAT-1.16.8-dev\TachiyomiAT-1.16.8-dev\_gui_probe\dl_out\tonari-no-seki-no-seijo-sama-wa-ore-ni-kossori-sukaato-no-naka-o-oshiete-kureru_ch1\06.jpg,True,620487,b89af6dc668b2762075e96e3a2216ae7b501a538f0efea226854280429f8d206,1284,1843,6,readable
tonari-no-seki-no-seijo-sama-wa-ore-ni-kossori-sukaato-no-naka-o-oshiete-kureru_ch1,7,C:\Users\User\Documents\TachiyomiAT-1.16.8-dev\TachiyomiAT-1.16.8-dev\TachiyomiAT-1.16.8-dev\_gui_probe\dl_out\tonari-no-seki-no-seijo-sama-wa-ore-ni-kossori-sukaato-no-naka-o-oshiete-kureru_ch1\07.jpg,True,608667,d47a3e43dcc09f3a71b84ac494e8c473919018ba2b3c882abfa744b9e5688d8b,1284,1843,16,readable
tonari-no-seki-no-seijo-sama-wa-ore-ni-kossori-sukaato-no-naka-o-oshiete-kureru_ch1,8,C:\Users\User\Documents\TachiyomiAT-1.16.8-dev\TachiyomiAT-1.16.8-dev\TachiyomiAT-1.16.8-dev\_gui_probe\dl_out\tonari-no-seki-no-seijo-sama-wa-ore-ni-kossori-sukaato-no-naka-o-oshiete-kureru_ch1\08.jpg,True,464198,b0927cbed075270af2d879d0abd3ea4413318aa5191482ce189a9c4018c37c6f,1284,1843,4,readable
tonari-no-seki-no-seijo-sama-wa-ore-ni-kossori-sukaato-no-naka-o-oshiete-kureru_ch1,9,C:\Users\User\Documents\TachiyomiAT-1.16.8-dev\TachiyomiAT-1.16.8-dev\TachiyomiAT-1.16.8-dev\_gui_probe\dl_out\tonari-no-seki-no-seijo-sama-wa-ore-ni-kossori-sukaato-no-naka-o-oshiete-kureru_ch1\09.jpg,True,600029,3f307f576af83d2e6b9129a3f9839a4b69501f3d5785f856524d79e01d15d1b6,1284,1843,6,readable
tonari-no-seki-no-seijo-sama-wa-ore-ni-kossori-sukaato-no-naka-o-oshiete-kureru_ch1,10,C:\Users\User\Documents\TachiyomiAT-1.16.8-dev\TachiyomiAT-1.16.8-dev\TachiyomiAT-1.16.8-dev\_gui_probe\dl_out\tonari-no-seki-no-seijo-sama-wa-ore-ni-kossori-sukaato-no-naka-o-oshiete-kureru_ch1\10.jpg,True,433023,145644024da3f1647ff8e43a50b691f001c0b9dfa5411246b96607c23729b0ab,1284,1843,12,readable
tonari-no-seki-no-seijo-sama-wa-ore-ni-kossori-sukaato-no-naka-o-oshiete-kureru_ch1,11,C:\Users\User\Documents\TachiyomiAT-1.16.8-dev\TachiyomiAT-1.16.8-dev\TachiyomiAT-1.16.8-dev\_gui_probe\dl_out\tonari-no-seki-no-seijo-sama-wa-ore-ni-kossori-sukaato-no-naka-o-oshiete-kureru_ch1\11.jpg,True,465823,afda68245387ab185d0aa9d43e3d7d552a28ab93f9abac707f13e6b2b2cb43de,1284,1843,7,readable
tonari-no-seki-no-seijo-sama-wa-ore-ni-kossori-sukaato-no-naka-o-oshiete-kureru_ch1,12,C:\Users\User\Documents\TachiyomiAT-1.16.8-dev\TachiyomiAT-1.16.8-dev\TachiyomiAT-1.16.8-dev\_gui_probe\dl_out\tonari-no-seki-no-seijo-sama-wa-ore-ni-kossori-sukaato-no-naka-o-oshiete-kureru_ch1\12.jpg,True,454897,a8c59be4226519077ae1af19677f75ec7670a4a9ea44681e54f04d2888eddc2f,1284,1843,8,readable
tonari-no-seki-no-seijo-sama-wa-ore-ni-kossori-sukaato-no-naka-o-oshiete-kureru_ch1,13,C:\Users\User\Documents\TachiyomiAT-1.16.8-dev\TachiyomiAT-1.16.8-dev\TachiyomiAT-1.16.8-dev\_gui_probe\dl_out\tonari-no-seki-no-seijo-sama-wa-ore-ni-kossori-sukaato-no-naka-o-oshiete-kureru_ch1\13.jpg,True,480750,ff2506a5dc04fe776f1b8e8feea30707e40e76875059a7caa08edcab0fe5a280,1284,1843,6,readable
tonari-no-seki-no-seijo-sama-wa-ore-ni-kossori-sukaato-no-naka-o-oshiete-kureru_ch1,14,C:\Users\User\Documents\TachiyomiAT-1.16.8-dev\TachiyomiAT-1.16.8-dev\TachiyomiAT-1.16.8-dev\_gui_probe\dl_out\tonari-no-seki-no-seijo-sama-wa-ore-ni-kossori-sukaato-no-naka-o-oshiete-kureru_ch1\14.jpg,True,529245,348d47462ae435103ec4364ed21b38cc741c1b0ab6bcade1eba7d1a7ac182114,1284,1843,0,readable
tonari-no-seki-no-seijo-sama-wa-ore-ni-kossori-sukaato-no-naka-o-oshiete-kureru_ch1,15,C:\Users\User\Documents\TachiyomiAT-1.16.8-dev\TachiyomiAT-1.16.8-dev\TachiyomiAT-1.16.8-dev\_gui_probe\dl_out\tonari-no-seki-no-seijo-sama-wa-ore-ni-kossori-sukaato-no-naka-o-oshiete-kureru_ch1\15.jpg,True,619641,c61c9dff5e6948f0ee2be598f39aebac44b866d2e5b98a347beb4cff9ef2a21a,1284,1843,0,readable
tonari-no-seki-no-seijo-sama-wa-ore-ni-kossori-sukaato-no-naka-o-oshiete-kureru_ch1,16,C:\Users\User\Documents\TachiyomiAT-1.16.8-dev\TachiyomiAT-1.16.8-dev\TachiyomiAT-1.16.8-dev\_gui_probe\dl_out\tonari-no-seki-no-seijo-sama-wa-ore-ni-kossori-sukaato-no-naka-o-oshiete-kureru_ch1\16.jpg,True,553319,a03cb340e8b1ca33f33c71830a15dfb8a8cc70df80e1992fc50675ee503f6b94,1284,1843,0,readable
tonari-no-seki-no-seijo-sama-wa-ore-ni-kossori-sukaato-no-naka-o-oshiete-kureru_ch1,17,C:\Users\User\Documents\TachiyomiAT-1.16.8-dev\TachiyomiAT-1.16.8-dev\TachiyomiAT-1.16.8-dev\_gui_probe\dl_out\tonari-no-seki-no-seijo-sama-wa-ore-ni-kossori-sukaato-no-naka-o-oshiete-kureru_ch1\17.jpg,True,463276,14aeb3b8493283c43e4dbf436bff0a6a9f61734ceed7344d4e62f0b2ce1a9ba4,1284,1843,0,readable
tonari-no-seki-no-seijo-sama-wa-ore-ni-kossori-sukaato-no-naka-o-oshiete-kureru_ch1,18,C:\Users\User\Documents\TachiyomiAT-1.16.8-dev\TachiyomiAT-1.16.8-dev\TachiyomiAT-1.16.8-dev\_gui_probe\dl_out\tonari-no-seki-no-seijo-sama-wa-ore-ni-kossori-sukaato-no-naka-o-oshiete-kureru_ch1\18.jpg,True,516109,d5aef5c9c8b9e330c2c48505c8c2cb0b40281ee1caa380024d72737445112edd,1284,1843,4,readable
watashitachi-ketsukon-shimashita-fuguu-na-ouji-to-tensai-majutsushi-wa-inochi-no-unmei-kyoudoutai_ch5,1,C:\Users\User\Documents\TachiyomiAT-1.16.8-dev\TachiyomiAT-1.16.8-dev\TachiyomiAT-1.16.8-dev\_gui_probe\dl_out\watashitachi-ketsukon-shimashita-fuguu-na-ouji-to-tensai-majutsushi-wa-inochi-no-unmei-kyoudoutai_ch5\01.jpg,True,501858,523186579cfbf499e61c32e5e9ab67f5b2d9f6ada3bbac90f237ad8e72d3d292,1008,1433,3,readable
watashitachi-ketsukon-shimashita-fuguu-na-ouji-to-tensai-majutsushi-wa-inochi-no-unmei-kyoudoutai_ch5,2,C:\Users\User\Documents\TachiyomiAT-1.16.8-dev\TachiyomiAT-1.16.8-dev\TachiyomiAT-1.16.8-dev\_gui_probe\dl_out\watashitachi-ketsukon-shimashita-fuguu-na-ouji-to-tensai-majutsushi-wa-inochi-no-unmei-kyoudoutai_ch5\02.jpg,True,445790,5ed00600df1acad1fb622c25830c4341409791283e9162f2b68d123d01e56dcf,1008,1433,3,readable
watashitachi-ketsukon-shimashita-fuguu-na-ouji-to-tensai-majutsushi-wa-inochi-no-unmei-kyoudoutai_ch5,3,C:\Users\User\Documents\TachiyomiAT-1.16.8-dev\TachiyomiAT-1.16.8-dev\TachiyomiAT-1.16.8-dev\_gui_probe\dl_out\watashitachi-ketsukon-shimashita-fuguu-na-ouji-to-tensai-majutsushi-wa-inochi-no-unmei-kyoudoutai_ch5\03.jpg,True,431208,a43b402ddf0c2451ca4375307fb1c1f436b502cb69e0a249b358eb2ac61adb0e,1008,1433,7,readable
watashitachi-ketsukon-shimashita-fuguu-na-ouji-to-tensai-majutsushi-wa-inochi-no-unmei-kyoudoutai_ch5,4,C:\Users\User\Documents\TachiyomiAT-1.16.8-dev\TachiyomiAT-1.16.8-dev\TachiyomiAT-1.16.8-dev\_gui_probe\dl_out\watashitachi-ketsukon-shimashita-fuguu-na-ouji-to-tensai-majutsushi-wa-inochi-no-unmei-kyoudoutai_ch5\04.jpg,True,442384,9b0fd6ad973f9722a1638ceb2fc8be455eee6c408e90ad31d02c5aac72ad6cdf,1008,1433,6,readable
watashitachi-ketsukon-shimashita-fuguu-na-ouji-to-tensai-majutsushi-wa-inochi-no-unmei-kyoudoutai_ch5,5,C:\Users\User\Documents\TachiyomiAT-1.16.8-dev\TachiyomiAT-1.16.8-dev\TachiyomiAT-1.16.8-dev\_gui_probe\dl_out\watashitachi-ketsukon-shimashita-fuguu-na-ouji-to-tensai-majutsushi-wa-inochi-no-unmei-kyoudoutai_ch5\05.jpg,True,579845,fcf15cfb6ba3dd04ec4de32130ee844791e018e9e5abc1e9e03567526939f274,1008,1433,2,readable
watashitachi-ketsukon-shimashita-fuguu-na-ouji-to-tensai-majutsushi-wa-inochi-no-unmei-kyoudoutai_ch5,6,C:\Users\User\Documents\TachiyomiAT-1.16.8-dev\TachiyomiAT-1.16.8-dev\TachiyomiAT-1.16.8-dev\_gui_probe\dl_out\watashitachi-ketsukon-shimashita-fuguu-na-ouji-to-tensai-majutsushi-wa-inochi-no-unmei-kyoudoutai_ch5\06.jpg,True,549839,0c678b38bb7b85bbebc6cae6efc1ca7c32ddbbb79c250450ffa3c871a964a32e,1008,1433,4,readable
watashitachi-ketsukon-shimashita-fuguu-na-ouji-to-tensai-majutsushi-wa-inochi-no-unmei-kyoudoutai_ch5,7,C:\Users\User\Documents\TachiyomiAT-1.16.8-dev\TachiyomiAT-1.16.8-dev\TachiyomiAT-1.16.8-dev\_gui_probe\dl_out\watashitachi-ketsukon-shimashita-fuguu-na-ouji-to-tensai-majutsushi-wa-inochi-no-unmei-kyoudoutai_ch5\07.jpg,True,505544,3dcfd49cd611173ffe72324dc631c3591620ffd253158c18f7ee40bc6ef45121,1008,1433,7,readable
watashitachi-ketsukon-shimashita-fuguu-na-ouji-to-tensai-majutsushi-wa-inochi-no-unmei-kyoudoutai_ch5,8,C:\Users\User\Documents\TachiyomiAT-1.16.8-dev\TachiyomiAT-1.16.8-dev\TachiyomiAT-1.16.8-dev\_gui_probe\dl_out\watashitachi-ketsukon-shimashita-fuguu-na-ouji-to-tensai-majutsushi-wa-inochi-no-unmei-kyoudoutai_ch5\08.jpg,True,524395,3f216bb8a91922dfb6780b0c0685fba3024edb3e6dec79db12992d7d5db55e0a,1008,1433,9,readable
watashitachi-ketsukon-shimashita-fuguu-na-ouji-to-tensai-majutsushi-wa-inochi-no-unmei-kyoudoutai_ch5,9,C:\Users\User\Documents\TachiyomiAT-1.16.8-dev\TachiyomiAT-1.16.8-dev\TachiyomiAT-1.16.8-dev\_gui_probe\dl_out\watashitachi-ketsukon-shimashita-fuguu-na-ouji-to-tensai-majutsushi-wa-inochi-no-unmei-kyoudoutai_ch5\09.jpg,True,487535,69b389bfee92588ab92e18de74936d0d9f09a19f441b9f993fa8f34d7c717cfb,1008,1433,4,readable
watashitachi-ketsukon-shimashita-fuguu-na-ouji-to-tensai-majutsushi-wa-inochi-no-unmei-kyoudoutai_ch5,10,C:\Users\User\Documents\TachiyomiAT-1.16.8-dev\TachiyomiAT-1.16.8-dev\TachiyomiAT-1.16.8-dev\_gui_probe\dl_out\watashitachi-ketsukon-shimashita-fuguu-na-ouji-to-tensai-majutsushi-wa-inochi-no-unmei-kyoudoutai_ch5\10.jpg,True,386422,036672fa95011fb148c8f7e6ad6a1c74ee5b75d4df39d25603cc28560fe1c51f,1008,1433,9,readable
watashitachi-ketsukon-shimashita-fuguu-na-ouji-to-tensai-majutsushi-wa-inochi-no-unmei-kyoudoutai_ch5,11,C:\Users\User\Documents\TachiyomiAT-1.16.8-dev\TachiyomiAT-1.16.8-dev\TachiyomiAT-1.16.8-dev\_gui_probe\dl_out\watashitachi-ketsukon-shimashita-fuguu-na-ouji-to-tensai-majutsushi-wa-inochi-no-unmei-kyoudoutai_ch5\11.jpg,True,402171,77cea77ac6accb3c0c2e27c477b3a91176b9ffa018d3ac5d49361adda78417b9,1008,1433,7,readable
watashitachi-ketsukon-shimashita-fuguu-na-ouji-to-tensai-majutsushi-wa-inochi-no-unmei-kyoudoutai_ch5,12,C:\Users\User\Documents\TachiyomiAT-1.16.8-dev\TachiyomiAT-1.16.8-dev\TachiyomiAT-1.16.8-dev\_gui_probe\dl_out\watashitachi-ketsukon-shimashita-fuguu-na-ouji-to-tensai-majutsushi-wa-inochi-no-unmei-kyoudoutai_ch5\12.jpg,True,415048,47fac0f5a6b94dd57dfbd5ff6b65d16606018124bf4becdd547546609f0a480b,1008,1433,9,readable
watashitachi-ketsukon-shimashita-fuguu-na-ouji-to-tensai-majutsushi-wa-inochi-no-unmei-kyoudoutai_ch5,13,C:\Users\User\Documents\TachiyomiAT-1.16.8-dev\TachiyomiAT-1.16.8-dev\TachiyomiAT-1.16.8-dev\_gui_probe\dl_out\watashitachi-ketsukon-shimashita-fuguu-na-ouji-to-tensai-majutsushi-wa-inochi-no-unmei-kyoudoutai_ch5\13.jpg,True,481519,b030908067e9c759c9f5f18aad48683fd19b2c78661e3c3794cca6b561d7d07f,1008,1433,6,readable
watashitachi-ketsukon-shimashita-fuguu-na-ouji-to-tensai-majutsushi-wa-inochi-no-unmei-kyoudoutai_ch5,14,C:\Users\User\Documents\TachiyomiAT-1.16.8-dev\TachiyomiAT-1.16.8-dev\TachiyomiAT-1.16.8-dev\_gui_probe\dl_out\watashitachi-ketsukon-shimashita-fuguu-na-ouji-to-tensai-majutsushi-wa-inochi-no-unmei-kyoudoutai_ch5\14.jpg,True,470256,a9b8c04d8c1cc7140ad5ddf934ac932d19367df81399c499e9607b6167bdd231,1008,1433,5,readable
watashitachi-ketsukon-shimashita-fuguu-na-ouji-to-tensai-majutsushi-wa-inochi-no-unmei-kyoudoutai_ch5,15,C:\Users\User\Documents\TachiyomiAT-1.16.8-dev\TachiyomiAT-1.16.8-dev\TachiyomiAT-1.16.8-dev\_gui_probe\dl_out\watashitachi-ketsukon-shimashita-fuguu-na-ouji-to-tensai-majutsushi-wa-inochi-no-unmei-kyoudoutai_ch5\15.jpg,True,490512,1e98790946cf86dc5d43306729f92171fb3ad8ba4068d5fb8d7610a795a30665,1008,1433,6,readable
watashitachi-ketsukon-shimashita-fuguu-na-ouji-to-tensai-majutsushi-wa-inochi-no-unmei-kyoudoutai_ch5,16,C:\Users\User\Documents\TachiyomiAT-1.16.8-dev\TachiyomiAT-1.16.8-dev\TachiyomiAT-1.16.8-dev\_gui_probe\dl_out\watashitachi-ketsukon-shimashita-fuguu-na-ouji-to-tensai-majutsushi-wa-inochi-no-unmei-kyoudoutai_ch5\16.jpg,True,454721,3c5509da78df2e8a7673a8fe72d23b23fe116f340d64dd1363492bc7ae09cda2,1008,1433,7,readable
watashitachi-ketsukon-shimashita-fuguu-na-ouji-to-tensai-majutsushi-wa-inochi-no-unmei-kyoudoutai_ch5,17,C:\Users\User\Documents\TachiyomiAT-1.16.8-dev\TachiyomiAT-1.16.8-dev\TachiyomiAT-1.16.8-dev\_gui_probe\dl_out\watashitachi-ketsukon-shimashita-fuguu-na-ouji-to-tensai-majutsushi-wa-inochi-no-unmei-kyoudoutai_ch5\17.jpg,True,452576,449664ae554b4048bd64ebd594aa007398ef8db56dc26ca0227ed63972466436,1008,1433,10,readable
watashitachi-ketsukon-shimashita-fuguu-na-ouji-to-tensai-majutsushi-wa-inochi-no-unmei-kyoudoutai_ch5,18,C:\Users\User\Documents\TachiyomiAT-1.16.8-dev\TachiyomiAT-1.16.8-dev\TachiyomiAT-1.16.8-dev\_gui_probe\dl_out\watashitachi-ketsukon-shimashita-fuguu-na-ouji-to-tensai-majutsushi-wa-inochi-no-unmei-kyoudoutai_ch5\18.jpg,True,357139,213439fa41159c63847dfbdfdf7e98a6a321735e4c0db23b9ad662b5535ea5b4,1008,1433,10,readable
watashitachi-ketsukon-shimashita-fuguu-na-ouji-to-tensai-majutsushi-wa-inochi-no-unmei-kyoudoutai_ch5,19,C:\Users\User\Documents\TachiyomiAT-1.16.8-dev\TachiyomiAT-1.16.8-dev\TachiyomiAT-1.16.8-dev\_gui_probe\dl_out\watashitachi-ketsukon-shimashita-fuguu-na-ouji-to-tensai-majutsushi-wa-inochi-no-unmei-kyoudoutai_ch5\19.jpg,True,515284,10ceba796251751a7e61dcef2f722e9c48b6e1c0be1836cceed6f3832e29f320,1008,1433,9,readable
watashitachi-ketsukon-shimashita-fuguu-na-ouji-to-tensai-majutsushi-wa-inochi-no-unmei-kyoudoutai_ch5,20,C:\Users\User\Documents\TachiyomiAT-1.16.8-dev\TachiyomiAT-1.16.8-dev\TachiyomiAT-1.16.8-dev\_gui_probe\dl_out\watashitachi-ketsukon-shimashita-fuguu-na-ouji-to-tensai-majutsushi-wa-inochi-no-unmei-kyoudoutai_ch5\20.jpg,True,375443,7ee85665af7395b35253b0a6bd3ea3b083e9a2606cfaea9203240c055917d712,1008,1433,6,readable
watashitachi-ketsukon-shimashita-fuguu-na-ouji-to-tensai-majutsushi-wa-inochi-no-unmei-kyoudoutai_ch5,21,C:\Users\User\Documents\TachiyomiAT-1.16.8-dev\TachiyomiAT-1.16.8-dev\TachiyomiAT-1.16.8-dev\_gui_probe\dl_out\watashitachi-ketsukon-shimashita-fuguu-na-ouji-to-tensai-majutsushi-wa-inochi-no-unmei-kyoudoutai_ch5\21.jpg,True,414341,e1036c643a2f8727b3c72f2dbfd1ae797a5d99c3516f8ef957ea7c2ab930ab0e,1008,1433,6,readable
watashitachi-ketsukon-shimashita-fuguu-na-ouji-to-tensai-majutsushi-wa-inochi-no-unmei-kyoudoutai_ch5,22,C:\Users\User\Documents\TachiyomiAT-1.16.8-dev\TachiyomiAT-1.16.8-dev\TachiyomiAT-1.16.8-dev\_gui_probe\dl_out\watashitachi-ketsukon-shimashita-fuguu-na-ouji-to-tensai-majutsushi-wa-inochi-no-unmei-kyoudoutai_ch5\22.jpg,True,454546,65a0c4354c77199f7fd819a2d7993e3b297b15ce091f1188c6adc0b1208dd2a6,1008,1433,8,readable
watashitachi-ketsukon-shimashita-fuguu-na-ouji-to-tensai-majutsushi-wa-inochi-no-unmei-kyoudoutai_ch5,23,C:\Users\User\Documents\TachiyomiAT-1.16.8-dev\TachiyomiAT-1.16.8-dev\TachiyomiAT-1.16.8-dev\_gui_probe\dl_out\watashitachi-ketsukon-shimashita-fuguu-na-ouji-to-tensai-majutsushi-wa-inochi-no-unmei-kyoudoutai_ch5\23.jpg,True,449585,1b3f3259ea6f5fbb909f4d849bdba136662bf76754a122ca93e6fcc365ce6ae7,1008,1433,7,readable
watashitachi-ketsukon-shimashita-fuguu-na-ouji-to-tensai-majutsushi-wa-inochi-no-unmei-kyoudoutai_ch5,24,C:\Users\User\Documents\TachiyomiAT-1.16.8-dev\TachiyomiAT-1.16.8-dev\TachiyomiAT-1.16.8-dev\_gui_probe\dl_out\watashitachi-ketsukon-shimashita-fuguu-na-ouji-to-tensai-majutsushi-wa-inochi-no-unmei-kyoudoutai_ch5\24.jpg,True,428412,bc9dadfb9ac54068b273380816a1519d533e9168752d183063cf45b08bfbfb06,1008,1433,6,readable
watashitachi-ketsukon-shimashita-fuguu-na-ouji-to-tensai-majutsushi-wa-inochi-no-unmei-kyoudoutai_ch5,25,C:\Users\User\Documents\TachiyomiAT-1.16.8-dev\TachiyomiAT-1.16.8-dev\TachiyomiAT-1.16.8-dev\_gui_probe\dl_out\watashitachi-ketsukon-shimashita-fuguu-na-ouji-to-tensai-majutsushi-wa-inochi-no-unmei-kyoudoutai_ch5\25.jpg,True,460965,273c4d1b9e4d57d7875674ac0fc21bd5af3eee47957a80730389aa4bf53a04e8,1008,1433,5,readable
watashitachi-ketsukon-shimashita-fuguu-na-ouji-to-tensai-majutsushi-wa-inochi-no-unmei-kyoudoutai_ch5,26,C:\Users\User\Documents\TachiyomiAT-1.16.8-dev\TachiyomiAT-1.16.8-dev\TachiyomiAT-1.16.8-dev\_gui_probe\dl_out\watashitachi-ketsukon-shimashita-fuguu-na-ouji-to-tensai-majutsushi-wa-inochi-no-unmei-kyoudoutai_ch5\26.jpg,True,523885,f845f2986d8143b5edb630962267830649cb05b06c9888de91102eadc3701b18,1008,1433,3,readable
