width_mode,batch_size,batch_index,crop_id,text_b1,text_batch,text_mismatch,token_mismatch,max_logit_abs_diff,logit_shape_mismatch
bucketed,1,0,fixture:blank,,,False,False,0.0,False
bucketed,1,1,fixture:black,,,False,False,0.0,False
bucketed,1,2,fixture:gradient,,,False,False,0.0,False
bucketed,1,3,fixture:checker,,,False,False,0.0,False
bucketed,1,4,ore-ni-trauma-wo-ataeta-joshitachi-ga-chirachira-mitekuru-kedo-zannen-desu-ga-teokure-desu_ch16:5:r03,社街,社街,False,False,0.0,False
bucketed,1,5,ore-ni-trauma-wo-ataeta-joshitachi-ga-chirachira-mitekuru-kedo-zannen-desu-ga-teokure-desu_ch16:5:r05,1,1,False,False,0.0,False
bucketed,1,6,ore-ni-trauma-wo-ataeta-joshitachi-ga-chirachira-mitekuru-kedo-zannen-desu-ga-teokure-desu_ch16:7:r03,指,指,False,False,0.0,False
bucketed,1,7,ore-ni-trauma-wo-ataeta-joshitachi-ga-chirachira-mitekuru-kedo-zannen-desu-ga-teokure-desu_ch16:7:r13,肺,肺,False,False,0.0,False
bucketed,1,8,ore-ni-trauma-wo-ataeta-joshitachi-ga-chirachira-mitekuru-kedo-zannen-desu-ga-teokure-desu_ch16:7:r15,胚验,胚验,False,False,0.0,False
bucketed,1,9,ore-ni-trauma-wo-ataeta-joshitachi-ga-chirachira-mitekuru-kedo-zannen-desu-ga-teokure-desu_ch16:7:r17,1,1,False,False,0.0,False
bucketed,1,10,ore-ni-trauma-wo-ataeta-joshitachi-ga-chirachira-mitekuru-kedo-zannen-desu-ga-teokure-desu_ch16:10:r04,新财,新财,False,False,0.0,False
bucketed,1,11,ore-ni-trauma-wo-ataeta-joshitachi-ga-chirachira-mitekuru-kedo-zannen-desu-ga-teokure-desu_ch16:17:r01,S,S,False,False,0.0,False
bucketed,1,12,ore-ni-trauma-wo-ataeta-joshitachi-ga-chirachira-mitekuru-kedo-zannen-desu-ga-teokure-desu_ch16:20:r08,本会,本会,False,False,0.0,False
bucketed,1,13,ore-ni-trauma-wo-ataeta-joshitachi-ga-chirachira-mitekuru-kedo-zannen-desu-ga-teokure-desu_ch16:2:r02,新1期,新1期,False,False,0.0,False
bucketed,1,14,ore-ni-trauma-wo-ataeta-joshitachi-ga-chirachira-mitekuru-kedo-zannen-desu-ga-teokure-desu_ch16:3:r06,2Uっ,2Uっ,False,False,0.0,False
bucketed,1,15,ore-ni-trauma-wo-ataeta-joshitachi-ga-chirachira-mitekuru-kedo-zannen-desu-ga-teokure-desu_ch16:5:r04,1,1,False,False,0.0,False
bucketed,1,16,ore-ni-trauma-wo-ataeta-joshitachi-ga-chirachira-mitekuru-kedo-zannen-desu-ga-teokure-desu_ch16:7:r05,3,3,False,False,0.0,False
bucketed,1,17,ore-ni-trauma-wo-ataeta-joshitachi-ga-chirachira-mitekuru-kedo-zannen-desu-ga-teokure-desu_ch16:7:r18,C,C,False,False,0.0,False
bucketed,1,18,ore-ni-trauma-wo-ataeta-joshitachi-ga-chirachira-mitekuru-kedo-zannen-desu-ga-teokure-desu_ch16:8:r00,AA,AA,False,False,0.0,False
bucketed,1,19,ore-ni-trauma-wo-ataeta-joshitachi-ga-chirachira-mitekuru-kedo-zannen-desu-ga-teokure-desu_ch16:8:r04,世,世,False,False,0.0,False
bucketed,1,20,ore-ni-trauma-wo-ataeta-joshitachi-ga-chirachira-mitekuru-kedo-zannen-desu-ga-teokure-desu_ch16:9:r06,で,で,False,False,0.0,False
bucketed,1,21,ore-ni-trauma-wo-ataeta-joshitachi-ga-chirachira-mitekuru-kedo-zannen-desu-ga-teokure-desu_ch16:9:r08,2,2,False,False,0.0,False
bucketed,1,22,ore-ni-trauma-wo-ataeta-joshitachi-ga-chirachira-mitekuru-kedo-zannen-desu-ga-teokure-desu_ch16:1:r00,,,False,False,0.0,False
bucketed,1,23,ore-ni-trauma-wo-ataeta-joshitachi-ga-chirachira-mitekuru-kedo-zannen-desu-ga-teokure-desu_ch16:2:r00,っ,っ,False,False,0.0,False
bucketed,1,24,ore-ni-trauma-wo-ataeta-joshitachi-ga-chirachira-mitekuru-kedo-zannen-desu-ga-teokure-desu_ch16:2:r01,,,False,False,0.0,False
bucketed,1,25,ore-ni-trauma-wo-ataeta-joshitachi-ga-chirachira-mitekuru-kedo-zannen-desu-ga-teokure-desu_ch16:2:r03,,,False,False,0.0,False
bucketed,1,26,ore-ni-trauma-wo-ataeta-joshitachi-ga-chirachira-mitekuru-kedo-zannen-desu-ga-teokure-desu_ch16:2:r05,,,False,False,0.0,False
bucketed,1,27,ore-ni-trauma-wo-ataeta-joshitachi-ga-chirachira-mitekuru-kedo-zannen-desu-ga-teokure-desu_ch16:2:r06,,,False,False,0.0,False
bucketed,1,28,ore-ni-trauma-wo-ataeta-joshitachi-ga-chirachira-mitekuru-kedo-zannen-desu-ga-teokure-desu_ch16:2:r07,新,新,False,False,0.0,False
bucketed,1,29,ore-ni-trauma-wo-ataeta-joshitachi-ga-chirachira-mitekuru-kedo-zannen-desu-ga-teokure-desu_ch16:2:r08,新,新,False,False,0.0,False
bucketed,1,30,ore-ni-trauma-wo-ataeta-joshitachi-ga-chirachira-mitekuru-kedo-zannen-desu-ga-teokure-desu_ch16:1:r01,ない,ない,False,False,0.0,False
bucketed,1,31,ore-ni-trauma-wo-ataeta-joshitachi-ga-chirachira-mitekuru-kedo-zannen-desu-ga-teokure-desu_ch16:2:r04,,,False,False,0.0,False
bucketed,1,32,ore-ni-trauma-wo-ataeta-joshitachi-ga-chirachira-mitekuru-kedo-zannen-desu-ga-teokure-desu_ch16:3:r03,,,False,False,0.0,False
bucketed,1,33,ore-ni-trauma-wo-ataeta-joshitachi-ga-chirachira-mitekuru-kedo-zannen-desu-ga-teokure-desu_ch16:3:r05,,,False,False,0.0,False
bucketed,1,34,ore-ni-trauma-wo-ataeta-joshitachi-ga-chirachira-mitekuru-kedo-zannen-desu-ga-teokure-desu_ch16:3:r07,うかこの,うかこの,False,False,0.0,False
bucketed,1,35,ore-ni-trauma-wo-ataeta-joshitachi-ga-chirachira-mitekuru-kedo-zannen-desu-ga-teokure-desu_ch16:4:r00,,,False,False,0.0,False
bucketed,1,36,ore-ni-trauma-wo-ataeta-joshitachi-ga-chirachira-mitekuru-kedo-zannen-desu-ga-teokure-desu_ch16:5:r00,,,False,False,0.0,False
bucketed,1,37,ore-ni-trauma-wo-ataeta-joshitachi-ga-chirachira-mitekuru-kedo-zannen-desu-ga-teokure-desu_ch16:5:r01,,,False,False,0.0,False
bucketed,1,38,ore-ni-trauma-wo-ataeta-joshitachi-ga-chirachira-mitekuru-kedo-zannen-desu-ga-teokure-desu_ch16:7:r09,战天使修璃,战天使修璃,False,False,0.0,False
bucketed,1,39,ore-ni-trauma-wo-ataeta-joshitachi-ga-chirachira-mitekuru-kedo-zannen-desu-ga-teokure-desu_ch16:32:r01,,,False,False,0.0,False
bucketed,1,40,tonari-no-seki-no-seijo-sama-wa-ore-ni-kossori-sukaato-no-naka-o-oshiete-kureru_ch1:1:r01,新連載,新連載,False,False,0.0,False
bucketed,1,41,tonari-no-seki-no-seijo-sama-wa-ore-ni-kossori-sukaato-no-naka-o-oshiete-kureru_ch1:1:r03,るょっな,るょっな,False,False,0.0,False
bucketed,1,42,tonari-no-seki-no-seijo-sama-wa-ore-ni-kossori-sukaato-no-naka-o-oshiete-kureru_ch1:2:r03,原作小説1巻8月8日発壳,原作小説1巻8月8日発壳,False,False,0.0,False
bucketed,1,43,tonari-no-seki-no-seijo-sama-wa-ore-ni-kossori-sukaato-no-naka-o-oshiete-kureru_ch1:3:r00,,,False,False,0.0,False
bucketed,1,44,tonari-no-seki-no-seijo-sama-wa-ore-ni-kossori-sukaato-no-naka-o-oshiete-kureru_ch1:4:r03,,,False,False,0.0,False
bucketed,1,45,tonari-no-seki-no-seijo-sama-wa-ore-ni-kossori-sukaato-no-naka-o-oshiete-kureru_ch1:4:r05,,,False,False,0.0,False
bucketed,1,46,ore-ni-trauma-wo-ataeta-joshitachi-ga-chirachira-mitekuru-kedo-zannen-desu-ga-teokure-desu_ch16:24:r06,これは戒めだから,これは戒めだから,False,False,0.0,False
bucketed,1,47,tonari-no-seki-no-seijo-sama-wa-ore-ni-kossori-sukaato-no-naka-o-oshiete-kureru_ch1:1:r02,麗しき彼に事が,麗しき彼に事が,False,False,0.0,False
bucketed,1,48,tonari-no-seki-no-seijo-sama-wa-ore-ni-kossori-sukaato-no-naka-o-oshiete-kureru_ch1:3:r01,艺女の秘修ラクト！,艺女の秘修ラクト！,False,False,0.0,False
bucketed,1,49,tonari-no-seki-no-seijo-sama-wa-ore-ni-kossori-sukaato-no-naka-o-oshiete-kureru_ch1:3:r02,,,False,False,0.0,False
bucketed,1,50,tonari-no-seki-no-seijo-sama-wa-ore-ni-kossori-sukaato-no-naka-o-oshiete-kureru_ch1:5:r00,はし,はし,False,False,0.0,False
bucketed,1,51,tonari-no-seki-no-seijo-sama-wa-ore-ni-kossori-sukaato-no-naka-o-oshiete-kureru_ch1:18:r02,,,False,False,0.0,False
bucketed,2,0,fixture:blank,,,False,False,0.0,False
bucketed,2,0,fixture:black,,,False,False,0.0,False
bucketed,2,1,fixture:gradient,,,False,False,0.0,False
bucketed,2,1,fixture:checker,,,False,False,0.0,False
bucketed,2,2,ore-ni-trauma-wo-ataeta-joshitachi-ga-chirachira-mitekuru-kedo-zannen-desu-ga-teokure-desu_ch16:5:r03,社街,社街,False,False,0.0,False
bucketed,2,2,ore-ni-trauma-wo-ataeta-joshitachi-ga-chirachira-mitekuru-kedo-zannen-desu-ga-teokure-desu_ch16:5:r05,1,1,False,False,0.0,False
bucketed,2,3,ore-ni-trauma-wo-ataeta-joshitachi-ga-chirachira-mitekuru-kedo-zannen-desu-ga-teokure-desu_ch16:7:r03,指,指,False,False,0.0,False
bucketed,2,3,ore-ni-trauma-wo-ataeta-joshitachi-ga-chirachira-mitekuru-kedo-zannen-desu-ga-teokure-desu_ch16:7:r13,肺,肺,False,False,0.0,False
bucketed,2,4,ore-ni-trauma-wo-ataeta-joshitachi-ga-chirachira-mitekuru-kedo-zannen-desu-ga-teokure-desu_ch16:7:r15,胚验,胚验,False,False,0.0,False
bucketed,2,4,ore-ni-trauma-wo-ataeta-joshitachi-ga-chirachira-mitekuru-kedo-zannen-desu-ga-teokure-desu_ch16:7:r17,1,1,False,False,0.0,False
bucketed,2,5,ore-ni-trauma-wo-ataeta-joshitachi-ga-chirachira-mitekuru-kedo-zannen-desu-ga-teokure-desu_ch16:10:r04,新财,新财,False,False,0.0,False
bucketed,2,5,ore-ni-trauma-wo-ataeta-joshitachi-ga-chirachira-mitekuru-kedo-zannen-desu-ga-teokure-desu_ch16:17:r01,S,S,False,False,0.0,False
bucketed,2,6,ore-ni-trauma-wo-ataeta-joshitachi-ga-chirachira-mitekuru-kedo-zannen-desu-ga-teokure-desu_ch16:20:r08,本会,本会,False,False,0.0,False
bucketed,2,7,ore-ni-trauma-wo-ataeta-joshitachi-ga-chirachira-mitekuru-kedo-zannen-desu-ga-teokure-desu_ch16:2:r02,新1期,新1期,False,False,0.0,False
bucketed,2,7,ore-ni-trauma-wo-ataeta-joshitachi-ga-chirachira-mitekuru-kedo-zannen-desu-ga-teokure-desu_ch16:3:r06,2Uっ,2Uっ,False,False,0.0,False
bucketed,2,8,ore-ni-trauma-wo-ataeta-joshitachi-ga-chirachira-mitekuru-kedo-zannen-desu-ga-teokure-desu_ch16:5:r04,1,1,False,False,0.0,False
bucketed,2,8,ore-ni-trauma-wo-ataeta-joshitachi-ga-chirachira-mitekuru-kedo-zannen-desu-ga-teokure-desu_ch16:7:r05,3,3,False,False,0.0,False
bucketed,2,9,ore-ni-trauma-wo-ataeta-joshitachi-ga-chirachira-mitekuru-kedo-zannen-desu-ga-teokure-desu_ch16:7:r18,C,C,False,False,0.0,False
bucketed,2,9,ore-ni-trauma-wo-ataeta-joshitachi-ga-chirachira-mitekuru-kedo-zannen-desu-ga-teokure-desu_ch16:8:r00,AA,AA,False,False,0.0,False
bucketed,2,10,ore-ni-trauma-wo-ataeta-joshitachi-ga-chirachira-mitekuru-kedo-zannen-desu-ga-teokure-desu_ch16:8:r04,世,世,False,False,0.0,False
bucketed,2,10,ore-ni-trauma-wo-ataeta-joshitachi-ga-chirachira-mitekuru-kedo-zannen-desu-ga-teokure-desu_ch16:9:r06,で,で,False,False,0.0,False
bucketed,2,11,ore-ni-trauma-wo-ataeta-joshitachi-ga-chirachira-mitekuru-kedo-zannen-desu-ga-teokure-desu_ch16:9:r08,2,2,False,False,0.0,False
bucketed,2,12,ore-ni-trauma-wo-ataeta-joshitachi-ga-chirachira-mitekuru-kedo-zannen-desu-ga-teokure-desu_ch16:1:r00,,,False,False,0.0,False
bucketed,2,12,ore-ni-trauma-wo-ataeta-joshitachi-ga-chirachira-mitekuru-kedo-zannen-desu-ga-teokure-desu_ch16:2:r00,っ,っ,False,False,0.0,False
bucketed,2,13,ore-ni-trauma-wo-ataeta-joshitachi-ga-chirachira-mitekuru-kedo-zannen-desu-ga-teokure-desu_ch16:2:r01,,,False,False,0.0,False
bucketed,2,13,ore-ni-trauma-wo-ataeta-joshitachi-ga-chirachira-mitekuru-kedo-zannen-desu-ga-teokure-desu_ch16:2:r03,,,False,False,0.0,False
bucketed,2,14,ore-ni-trauma-wo-ataeta-joshitachi-ga-chirachira-mitekuru-kedo-zannen-desu-ga-teokure-desu_ch16:2:r05,,,False,False,0.0,False
bucketed,2,14,ore-ni-trauma-wo-ataeta-joshitachi-ga-chirachira-mitekuru-kedo-zannen-desu-ga-teokure-desu_ch16:2:r06,,,False,False,0.0,False
bucketed,2,15,ore-ni-trauma-wo-ataeta-joshitachi-ga-chirachira-mitekuru-kedo-zannen-desu-ga-teokure-desu_ch16:2:r07,新,新,False,False,0.0,False
bucketed,2,15,ore-ni-trauma-wo-ataeta-joshitachi-ga-chirachira-mitekuru-kedo-zannen-desu-ga-teokure-desu_ch16:2:r08,新,新,False,False,0.0,False
bucketed,2,16,ore-ni-trauma-wo-ataeta-joshitachi-ga-chirachira-mitekuru-kedo-zannen-desu-ga-teokure-desu_ch16:1:r01,ない,ない,False,False,0.0,False
bucketed,2,16,ore-ni-trauma-wo-ataeta-joshitachi-ga-chirachira-mitekuru-kedo-zannen-desu-ga-teokure-desu_ch16:2:r04,,,False,False,0.0,False
bucketed,2,17,ore-ni-trauma-wo-ataeta-joshitachi-ga-chirachira-mitekuru-kedo-zannen-desu-ga-teokure-desu_ch16:3:r03,,,False,False,0.0,False
bucketed,2,17,ore-ni-trauma-wo-ataeta-joshitachi-ga-chirachira-mitekuru-kedo-zannen-desu-ga-teokure-desu_ch16:3:r05,,,False,False,0.0,False
bucketed,2,18,ore-ni-trauma-wo-ataeta-joshitachi-ga-chirachira-mitekuru-kedo-zannen-desu-ga-teokure-desu_ch16:3:r07,うかこの,うかこの,False,False,0.0,False
bucketed,2,18,ore-ni-trauma-wo-ataeta-joshitachi-ga-chirachira-mitekuru-kedo-zannen-desu-ga-teokure-desu_ch16:4:r00,,,False,False,0.0,False
bucketed,2,19,ore-ni-trauma-wo-ataeta-joshitachi-ga-chirachira-mitekuru-kedo-zannen-desu-ga-teokure-desu_ch16:5:r00,,,False,False,0.0,False
bucketed,2,19,ore-ni-trauma-wo-ataeta-joshitachi-ga-chirachira-mitekuru-kedo-zannen-desu-ga-teokure-desu_ch16:5:r01,,,False,False,0.0,False
bucketed,2,20,ore-ni-trauma-wo-ataeta-joshitachi-ga-chirachira-mitekuru-kedo-zannen-desu-ga-teokure-desu_ch16:7:r09,战天使修璃,战天使修璃,False,False,0.0,False
bucketed,2,20,ore-ni-trauma-wo-ataeta-joshitachi-ga-chirachira-mitekuru-kedo-zannen-desu-ga-teokure-desu_ch16:32:r01,,,False,False,0.0,False
bucketed,2,21,tonari-no-seki-no-seijo-sama-wa-ore-ni-kossori-sukaato-no-naka-o-oshiete-kureru_ch1:1:r01,新連載,新連載,False,False,0.0,False
bucketed,2,21,tonari-no-seki-no-seijo-sama-wa-ore-ni-kossori-sukaato-no-naka-o-oshiete-kureru_ch1:1:r03,るょっな,るょっな,False,False,0.0,False
bucketed,2,22,tonari-no-seki-no-seijo-sama-wa-ore-ni-kossori-sukaato-no-naka-o-oshiete-kureru_ch1:2:r03,原作小説1巻8月8日発壳,原作小説1巻8月8日発壳,False,False,0.0,False
bucketed,2,22,tonari-no-seki-no-seijo-sama-wa-ore-ni-kossori-sukaato-no-naka-o-oshiete-kureru_ch1:3:r00,,,False,False,0.0,False
bucketed,2,23,tonari-no-seki-no-seijo-sama-wa-ore-ni-kossori-sukaato-no-naka-o-oshiete-kureru_ch1:4:r03,,,False,False,0.0,False
bucketed,2,23,tonari-no-seki-no-seijo-sama-wa-ore-ni-kossori-sukaato-no-naka-o-oshiete-kureru_ch1:4:r05,,,False,False,0.0,False
bucketed,2,24,ore-ni-trauma-wo-ataeta-joshitachi-ga-chirachira-mitekuru-kedo-zannen-desu-ga-teokure-desu_ch16:24:r06,これは戒めだから,これは戒めだから,False,False,0.0,False
bucketed,2,24,tonari-no-seki-no-seijo-sama-wa-ore-ni-kossori-sukaato-no-naka-o-oshiete-kureru_ch1:1:r02,麗しき彼に事が,麗しき彼に事が,False,False,0.0,False
bucketed,2,25,tonari-no-seki-no-seijo-sama-wa-ore-ni-kossori-sukaato-no-naka-o-oshiete-kureru_ch1:3:r01,艺女の秘修ラクト！,艺女の秘修ラクト！,False,False,0.0,False
bucketed,2,25,tonari-no-seki-no-seijo-sama-wa-ore-ni-kossori-sukaato-no-naka-o-oshiete-kureru_ch1:3:r02,,,False,False,0.0,False
bucketed,2,26,tonari-no-seki-no-seijo-sama-wa-ore-ni-kossori-sukaato-no-naka-o-oshiete-kureru_ch1:5:r00,はし,はし,False,False,0.0,False
bucketed,2,26,tonari-no-seki-no-seijo-sama-wa-ore-ni-kossori-sukaato-no-naka-o-oshiete-kureru_ch1:18:r02,,,False,False,0.0,False
bucketed,4,0,fixture:blank,,,False,False,0.0,False
bucketed,4,0,fixture:black,,,False,False,0.0,False
bucketed,4,0,fixture:gradient,,,False,False,0.0,False
bucketed,4,0,fixture:checker,,,False,False,0.0,False
bucketed,4,1,ore-ni-trauma-wo-ataeta-joshitachi-ga-chirachira-mitekuru-kedo-zannen-desu-ga-teokure-desu_ch16:5:r03,社街,社街,False,False,0.0,False
bucketed,4,1,ore-ni-trauma-wo-ataeta-joshitachi-ga-chirachira-mitekuru-kedo-zannen-desu-ga-teokure-desu_ch16:5:r05,1,1,False,False,0.0,False
bucketed,4,1,ore-ni-trauma-wo-ataeta-joshitachi-ga-chirachira-mitekuru-kedo-zannen-desu-ga-teokure-desu_ch16:7:r03,指,指,False,False,0.0,False
bucketed,4,1,ore-ni-trauma-wo-ataeta-joshitachi-ga-chirachira-mitekuru-kedo-zannen-desu-ga-teokure-desu_ch16:7:r13,肺,肺,False,False,0.0,False
bucketed,4,2,ore-ni-trauma-wo-ataeta-joshitachi-ga-chirachira-mitekuru-kedo-zannen-desu-ga-teokure-desu_ch16:7:r15,胚验,胚验,False,False,0.0,False
bucketed,4,2,ore-ni-trauma-wo-ataeta-joshitachi-ga-chirachira-mitekuru-kedo-zannen-desu-ga-teokure-desu_ch16:7:r17,1,1,False,False,0.0,False
bucketed,4,2,ore-ni-trauma-wo-ataeta-joshitachi-ga-chirachira-mitekuru-kedo-zannen-desu-ga-teokure-desu_ch16:10:r04,新财,新财,False,False,0.0,False
bucketed,4,2,ore-ni-trauma-wo-ataeta-joshitachi-ga-chirachira-mitekuru-kedo-zannen-desu-ga-teokure-desu_ch16:17:r01,S,S,False,False,0.0,False
bucketed,4,3,ore-ni-trauma-wo-ataeta-joshitachi-ga-chirachira-mitekuru-kedo-zannen-desu-ga-teokure-desu_ch16:20:r08,本会,本会,False,False,0.0,False
bucketed,4,4,ore-ni-trauma-wo-ataeta-joshitachi-ga-chirachira-mitekuru-kedo-zannen-desu-ga-teokure-desu_ch16:2:r02,新1期,新1期,False,False,0.0,False
bucketed,4,4,ore-ni-trauma-wo-ataeta-joshitachi-ga-chirachira-mitekuru-kedo-zannen-desu-ga-teokure-desu_ch16:3:r06,2Uっ,2Uっ,False,False,0.0,False
bucketed,4,4,ore-ni-trauma-wo-ataeta-joshitachi-ga-chirachira-mitekuru-kedo-zannen-desu-ga-teokure-desu_ch16:5:r04,1,1,False,False,0.0,False
bucketed,4,4,ore-ni-trauma-wo-ataeta-joshitachi-ga-chirachira-mitekuru-kedo-zannen-desu-ga-teokure-desu_ch16:7:r05,3,3,False,False,0.0,False
bucketed,4,5,ore-ni-trauma-wo-ataeta-joshitachi-ga-chirachira-mitekuru-kedo-zannen-desu-ga-teokure-desu_ch16:7:r18,C,C,False,False,0.0,False
bucketed,4,5,ore-ni-trauma-wo-ataeta-joshitachi-ga-chirachira-mitekuru-kedo-zannen-desu-ga-teokure-desu_ch16:8:r00,AA,AA,False,False,0.0,False
bucketed,4,5,ore-ni-trauma-wo-ataeta-joshitachi-ga-chirachira-mitekuru-kedo-zannen-desu-ga-teokure-desu_ch16:8:r04,世,世,False,False,0.0,False
bucketed,4,5,ore-ni-trauma-wo-ataeta-joshitachi-ga-chirachira-mitekuru-kedo-zannen-desu-ga-teokure-desu_ch16:9:r06,で,で,False,False,0.0,False
bucketed,4,6,ore-ni-trauma-wo-ataeta-joshitachi-ga-chirachira-mitekuru-kedo-zannen-desu-ga-teokure-desu_ch16:9:r08,2,2,False,False,0.0,False
bucketed,4,7,ore-ni-trauma-wo-ataeta-joshitachi-ga-chirachira-mitekuru-kedo-zannen-desu-ga-teokure-desu_ch16:1:r00,,,False,False,0.0,False
bucketed,4,7,ore-ni-trauma-wo-ataeta-joshitachi-ga-chirachira-mitekuru-kedo-zannen-desu-ga-teokure-desu_ch16:2:r00,っ,っ,False,False,0.0,False
bucketed,4,7,ore-ni-trauma-wo-ataeta-joshitachi-ga-chirachira-mitekuru-kedo-zannen-desu-ga-teokure-desu_ch16:2:r01,,,False,False,0.0,False
bucketed,4,7,ore-ni-trauma-wo-ataeta-joshitachi-ga-chirachira-mitekuru-kedo-zannen-desu-ga-teokure-desu_ch16:2:r03,,,False,False,0.0,False
bucketed,4,8,ore-ni-trauma-wo-ataeta-joshitachi-ga-chirachira-mitekuru-kedo-zannen-desu-ga-teokure-desu_ch16:2:r05,,,False,False,0.0,False
bucketed,4,8,ore-ni-trauma-wo-ataeta-joshitachi-ga-chirachira-mitekuru-kedo-zannen-desu-ga-teokure-desu_ch16:2:r06,,,False,False,0.0,False
bucketed,4,8,ore-ni-trauma-wo-ataeta-joshitachi-ga-chirachira-mitekuru-kedo-zannen-desu-ga-teokure-desu_ch16:2:r07,新,新,False,False,0.0,False
bucketed,4,8,ore-ni-trauma-wo-ataeta-joshitachi-ga-chirachira-mitekuru-kedo-zannen-desu-ga-teokure-desu_ch16:2:r08,新,新,False,False,0.0,False
bucketed,4,9,ore-ni-trauma-wo-ataeta-joshitachi-ga-chirachira-mitekuru-kedo-zannen-desu-ga-teokure-desu_ch16:1:r01,ない,ない,False,False,0.0,False
bucketed,4,9,ore-ni-trauma-wo-ataeta-joshitachi-ga-chirachira-mitekuru-kedo-zannen-desu-ga-teokure-desu_ch16:2:r04,,,False,False,0.0,False
bucketed,4,9,ore-ni-trauma-wo-ataeta-joshitachi-ga-chirachira-mitekuru-kedo-zannen-desu-ga-teokure-desu_ch16:3:r03,,,False,False,0.0,False
bucketed,4,9,ore-ni-trauma-wo-ataeta-joshitachi-ga-chirachira-mitekuru-kedo-zannen-desu-ga-teokure-desu_ch16:3:r05,,,False,False,0.0,False
bucketed,4,10,ore-ni-trauma-wo-ataeta-joshitachi-ga-chirachira-mitekuru-kedo-zannen-desu-ga-teokure-desu_ch16:3:r07,うかこの,うかこの,False,False,0.0,False
bucketed,4,10,ore-ni-trauma-wo-ataeta-joshitachi-ga-chirachira-mitekuru-kedo-zannen-desu-ga-teokure-desu_ch16:4:r00,,,False,False,0.0,False
bucketed,4,10,ore-ni-trauma-wo-ataeta-joshitachi-ga-chirachira-mitekuru-kedo-zannen-desu-ga-teokure-desu_ch16:5:r00,,,False,False,0.0,False
bucketed,4,10,ore-ni-trauma-wo-ataeta-joshitachi-ga-chirachira-mitekuru-kedo-zannen-desu-ga-teokure-desu_ch16:5:r01,,,False,False,0.0,False
bucketed,4,11,ore-ni-trauma-wo-ataeta-joshitachi-ga-chirachira-mitekuru-kedo-zannen-desu-ga-teokure-desu_ch16:7:r09,战天使修璃,战天使修璃,False,False,0.0,False
bucketed,4,11,ore-ni-trauma-wo-ataeta-joshitachi-ga-chirachira-mitekuru-kedo-zannen-desu-ga-teokure-desu_ch16:32:r01,,,False,False,0.0,False
bucketed,4,11,tonari-no-seki-no-seijo-sama-wa-ore-ni-kossori-sukaato-no-naka-o-oshiete-kureru_ch1:1:r01,新連載,新連載,False,False,0.0,False
bucketed,4,11,tonari-no-seki-no-seijo-sama-wa-ore-ni-kossori-sukaato-no-naka-o-oshiete-kureru_ch1:1:r03,るょっな,るょっな,False,False,0.0,False
bucketed,4,12,tonari-no-seki-no-seijo-sama-wa-ore-ni-kossori-sukaato-no-naka-o-oshiete-kureru_ch1:2:r03,原作小説1巻8月8日発壳,原作小説1巻8月8日発壳,False,False,0.0,False
bucketed,4,12,tonari-no-seki-no-seijo-sama-wa-ore-ni-kossori-sukaato-no-naka-o-oshiete-kureru_ch1:3:r00,,,False,False,0.0,False
bucketed,4,12,tonari-no-seki-no-seijo-sama-wa-ore-ni-kossori-sukaato-no-naka-o-oshiete-kureru_ch1:4:r03,,,False,False,0.0,False
bucketed,4,12,tonari-no-seki-no-seijo-sama-wa-ore-ni-kossori-sukaato-no-naka-o-oshiete-kureru_ch1:4:r05,,,False,False,0.0,False
bucketed,4,13,ore-ni-trauma-wo-ataeta-joshitachi-ga-chirachira-mitekuru-kedo-zannen-desu-ga-teokure-desu_ch16:24:r06,これは戒めだから,これは戒めだから,False,False,0.0,False
bucketed,4,13,tonari-no-seki-no-seijo-sama-wa-ore-ni-kossori-sukaato-no-naka-o-oshiete-kureru_ch1:1:r02,麗しき彼に事が,麗しき彼に事が,False,False,0.0,False
bucketed,4,13,tonari-no-seki-no-seijo-sama-wa-ore-ni-kossori-sukaato-no-naka-o-oshiete-kureru_ch1:3:r01,艺女の秘修ラクト！,艺女の秘修ラクト！,False,False,0.0,False
bucketed,4,13,tonari-no-seki-no-seijo-sama-wa-ore-ni-kossori-sukaato-no-naka-o-oshiete-kureru_ch1:3:r02,,,False,False,0.0,False
bucketed,4,14,tonari-no-seki-no-seijo-sama-wa-ore-ni-kossori-sukaato-no-naka-o-oshiete-kureru_ch1:5:r00,はし,はし,False,False,0.0,False
bucketed,4,14,tonari-no-seki-no-seijo-sama-wa-ore-ni-kossori-sukaato-no-naka-o-oshiete-kureru_ch1:18:r02,,,False,False,0.0,False
bucketed,8,0,fixture:blank,,,False,False,0.0,False
bucketed,8,0,fixture:black,,,False,False,0.0,False
bucketed,8,0,fixture:gradient,,,False,False,0.0,False
bucketed,8,0,fixture:checker,,,False,False,0.0,False
bucketed,8,0,ore-ni-trauma-wo-ataeta-joshitachi-ga-chirachira-mitekuru-kedo-zannen-desu-ga-teokure-desu_ch16:5:r03,社街,社街,False,False,0.0,False
bucketed,8,0,ore-ni-trauma-wo-ataeta-joshitachi-ga-chirachira-mitekuru-kedo-zannen-desu-ga-teokure-desu_ch16:5:r05,1,1,False,False,0.0,False
bucketed,8,0,ore-ni-trauma-wo-ataeta-joshitachi-ga-chirachira-mitekuru-kedo-zannen-desu-ga-teokure-desu_ch16:7:r03,指,指,False,False,0.0,False
bucketed,8,0,ore-ni-trauma-wo-ataeta-joshitachi-ga-chirachira-mitekuru-kedo-zannen-desu-ga-teokure-desu_ch16:7:r13,肺,肺,False,False,0.0,False
bucketed,8,1,ore-ni-trauma-wo-ataeta-joshitachi-ga-chirachira-mitekuru-kedo-zannen-desu-ga-teokure-desu_ch16:7:r15,胚验,胚验,False,False,0.0,False
bucketed,8,1,ore-ni-trauma-wo-ataeta-joshitachi-ga-chirachira-mitekuru-kedo-zannen-desu-ga-teokure-desu_ch16:7:r17,1,1,False,False,0.0,False
bucketed,8,1,ore-ni-trauma-wo-ataeta-joshitachi-ga-chirachira-mitekuru-kedo-zannen-desu-ga-teokure-desu_ch16:10:r04,新财,新财,False,False,0.0,False
bucketed,8,1,ore-ni-trauma-wo-ataeta-joshitachi-ga-chirachira-mitekuru-kedo-zannen-desu-ga-teokure-desu_ch16:17:r01,S,S,False,False,0.0,False
bucketed,8,1,ore-ni-trauma-wo-ataeta-joshitachi-ga-chirachira-mitekuru-kedo-zannen-desu-ga-teokure-desu_ch16:20:r08,本会,本会,False,False,0.0,False
bucketed,8,2,ore-ni-trauma-wo-ataeta-joshitachi-ga-chirachira-mitekuru-kedo-zannen-desu-ga-teokure-desu_ch16:2:r02,新1期,新1期,False,False,0.0,False
bucketed,8,2,ore-ni-trauma-wo-ataeta-joshitachi-ga-chirachira-mitekuru-kedo-zannen-desu-ga-teokure-desu_ch16:3:r06,2Uっ,2Uっ,False,False,0.0,False
bucketed,8,2,ore-ni-trauma-wo-ataeta-joshitachi-ga-chirachira-mitekuru-kedo-zannen-desu-ga-teokure-desu_ch16:5:r04,1,1,False,False,0.0,False
bucketed,8,2,ore-ni-trauma-wo-ataeta-joshitachi-ga-chirachira-mitekuru-kedo-zannen-desu-ga-teokure-desu_ch16:7:r05,3,3,False,False,0.0,False
bucketed,8,2,ore-ni-trauma-wo-ataeta-joshitachi-ga-chirachira-mitekuru-kedo-zannen-desu-ga-teokure-desu_ch16:7:r18,C,C,False,False,0.0,False
bucketed,8,2,ore-ni-trauma-wo-ataeta-joshitachi-ga-chirachira-mitekuru-kedo-zannen-desu-ga-teokure-desu_ch16:8:r00,AA,AA,False,False,0.0,False
bucketed,8,2,ore-ni-trauma-wo-ataeta-joshitachi-ga-chirachira-mitekuru-kedo-zannen-desu-ga-teokure-desu_ch16:8:r04,世,世,False,False,0.0,False
bucketed,8,2,ore-ni-trauma-wo-ataeta-joshitachi-ga-chirachira-mitekuru-kedo-zannen-desu-ga-teokure-desu_ch16:9:r06,で,で,False,False,0.0,False
bucketed,8,3,ore-ni-trauma-wo-ataeta-joshitachi-ga-chirachira-mitekuru-kedo-zannen-desu-ga-teokure-desu_ch16:9:r08,2,2,False,False,0.0,False
bucketed,8,4,ore-ni-trauma-wo-ataeta-joshitachi-ga-chirachira-mitekuru-kedo-zannen-desu-ga-teokure-desu_ch16:1:r00,,,False,False,0.0,False
bucketed,8,4,ore-ni-trauma-wo-ataeta-joshitachi-ga-chirachira-mitekuru-kedo-zannen-desu-ga-teokure-desu_ch16:2:r00,っ,っ,False,False,0.0,False
bucketed,8,4,ore-ni-trauma-wo-ataeta-joshitachi-ga-chirachira-mitekuru-kedo-zannen-desu-ga-teokure-desu_ch16:2:r01,,,False,False,0.0,False
bucketed,8,4,ore-ni-trauma-wo-ataeta-joshitachi-ga-chirachira-mitekuru-kedo-zannen-desu-ga-teokure-desu_ch16:2:r03,,,False,False,0.0,False
bucketed,8,4,ore-ni-trauma-wo-ataeta-joshitachi-ga-chirachira-mitekuru-kedo-zannen-desu-ga-teokure-desu_ch16:2:r05,,,False,False,0.0,False
bucketed,8,4,ore-ni-trauma-wo-ataeta-joshitachi-ga-chirachira-mitekuru-kedo-zannen-desu-ga-teokure-desu_ch16:2:r06,,,False,False,0.0,False
bucketed,8,4,ore-ni-trauma-wo-ataeta-joshitachi-ga-chirachira-mitekuru-kedo-zannen-desu-ga-teokure-desu_ch16:2:r07,新,新,False,False,0.0,False
bucketed,8,4,ore-ni-trauma-wo-ataeta-joshitachi-ga-chirachira-mitekuru-kedo-zannen-desu-ga-teokure-desu_ch16:2:r08,新,新,False,False,0.0,False
bucketed,8,5,ore-ni-trauma-wo-ataeta-joshitachi-ga-chirachira-mitekuru-kedo-zannen-desu-ga-teokure-desu_ch16:1:r01,ない,ない,False,False,0.0,False
bucketed,8,5,ore-ni-trauma-wo-ataeta-joshitachi-ga-chirachira-mitekuru-kedo-zannen-desu-ga-teokure-desu_ch16:2:r04,,,False,False,0.0,False
bucketed,8,5,ore-ni-trauma-wo-ataeta-joshitachi-ga-chirachira-mitekuru-kedo-zannen-desu-ga-teokure-desu_ch16:3:r03,,,False,False,0.0,False
bucketed,8,5,ore-ni-trauma-wo-ataeta-joshitachi-ga-chirachira-mitekuru-kedo-zannen-desu-ga-teokure-desu_ch16:3:r05,,,False,False,0.0,False
bucketed,8,5,ore-ni-trauma-wo-ataeta-joshitachi-ga-chirachira-mitekuru-kedo-zannen-desu-ga-teokure-desu_ch16:3:r07,うかこの,うかこの,False,False,0.0,False
bucketed,8,5,ore-ni-trauma-wo-ataeta-joshitachi-ga-chirachira-mitekuru-kedo-zannen-desu-ga-teokure-desu_ch16:4:r00,,,False,False,0.0,False
bucketed,8,5,ore-ni-trauma-wo-ataeta-joshitachi-ga-chirachira-mitekuru-kedo-zannen-desu-ga-teokure-desu_ch16:5:r00,,,False,False,0.0,False
bucketed,8,5,ore-ni-trauma-wo-ataeta-joshitachi-ga-chirachira-mitekuru-kedo-zannen-desu-ga-teokure-desu_ch16:5:r01,,,False,False,0.0,False
bucketed,8,6,ore-ni-trauma-wo-ataeta-joshitachi-ga-chirachira-mitekuru-kedo-zannen-desu-ga-teokure-desu_ch16:7:r09,战天使修璃,战天使修璃,False,False,0.0,False
bucketed,8,6,ore-ni-trauma-wo-ataeta-joshitachi-ga-chirachira-mitekuru-kedo-zannen-desu-ga-teokure-desu_ch16:32:r01,,,False,False,0.0,False
bucketed,8,6,tonari-no-seki-no-seijo-sama-wa-ore-ni-kossori-sukaato-no-naka-o-oshiete-kureru_ch1:1:r01,新連載,新連載,False,False,0.0,False
bucketed,8,6,tonari-no-seki-no-seijo-sama-wa-ore-ni-kossori-sukaato-no-naka-o-oshiete-kureru_ch1:1:r03,るょっな,るょっな,False,False,0.0,False
bucketed,8,6,tonari-no-seki-no-seijo-sama-wa-ore-ni-kossori-sukaato-no-naka-o-oshiete-kureru_ch1:2:r03,原作小説1巻8月8日発壳,原作小説1巻8月8日発壳,False,False,0.0,False
bucketed,8,6,tonari-no-seki-no-seijo-sama-wa-ore-ni-kossori-sukaato-no-naka-o-oshiete-kureru_ch1:3:r00,,,False,False,0.0,False
bucketed,8,6,tonari-no-seki-no-seijo-sama-wa-ore-ni-kossori-sukaato-no-naka-o-oshiete-kureru_ch1:4:r03,,,False,False,0.0,False
bucketed,8,6,tonari-no-seki-no-seijo-sama-wa-ore-ni-kossori-sukaato-no-naka-o-oshiete-kureru_ch1:4:r05,,,False,False,0.0,False
bucketed,8,7,ore-ni-trauma-wo-ataeta-joshitachi-ga-chirachira-mitekuru-kedo-zannen-desu-ga-teokure-desu_ch16:24:r06,これは戒めだから,これは戒めだから,False,False,0.0,False
bucketed,8,7,tonari-no-seki-no-seijo-sama-wa-ore-ni-kossori-sukaato-no-naka-o-oshiete-kureru_ch1:1:r02,麗しき彼に事が,麗しき彼に事が,False,False,0.0,False
bucketed,8,7,tonari-no-seki-no-seijo-sama-wa-ore-ni-kossori-sukaato-no-naka-o-oshiete-kureru_ch1:3:r01,艺女の秘修ラクト！,艺女の秘修ラクト！,False,False,0.0,False
bucketed,8,7,tonari-no-seki-no-seijo-sama-wa-ore-ni-kossori-sukaato-no-naka-o-oshiete-kureru_ch1:3:r02,,,False,False,0.0,False
bucketed,8,7,tonari-no-seki-no-seijo-sama-wa-ore-ni-kossori-sukaato-no-naka-o-oshiete-kureru_ch1:5:r00,はし,はし,False,False,0.0,False
bucketed,8,7,tonari-no-seki-no-seijo-sama-wa-ore-ni-kossori-sukaato-no-naka-o-oshiete-kureru_ch1:18:r02,,,False,False,0.0,False
bucketed,16,0,fixture:blank,,,False,False,0.0,False
bucketed,16,0,fixture:black,,,False,False,0.0,False
bucketed,16,0,fixture:gradient,,,False,False,0.0,False
bucketed,16,0,fixture:checker,,,False,False,0.0,False
bucketed,16,0,ore-ni-trauma-wo-ataeta-joshitachi-ga-chirachira-mitekuru-kedo-zannen-desu-ga-teokure-desu_ch16:5:r03,社街,社街,False,False,0.0,False
bucketed,16,0,ore-ni-trauma-wo-ataeta-joshitachi-ga-chirachira-mitekuru-kedo-zannen-desu-ga-teokure-desu_ch16:5:r05,1,1,False,False,0.0,False
bucketed,16,0,ore-ni-trauma-wo-ataeta-joshitachi-ga-chirachira-mitekuru-kedo-zannen-desu-ga-teokure-desu_ch16:7:r03,指,指,False,False,0.0,False
bucketed,16,0,ore-ni-trauma-wo-ataeta-joshitachi-ga-chirachira-mitekuru-kedo-zannen-desu-ga-teokure-desu_ch16:7:r13,肺,肺,False,False,0.0,False
bucketed,16,0,ore-ni-trauma-wo-ataeta-joshitachi-ga-chirachira-mitekuru-kedo-zannen-desu-ga-teokure-desu_ch16:7:r15,胚验,胚验,False,False,0.0,False
bucketed,16,0,ore-ni-trauma-wo-ataeta-joshitachi-ga-chirachira-mitekuru-kedo-zannen-desu-ga-teokure-desu_ch16:7:r17,1,1,False,False,0.0,False
bucketed,16,0,ore-ni-trauma-wo-ataeta-joshitachi-ga-chirachira-mitekuru-kedo-zannen-desu-ga-teokure-desu_ch16:10:r04,新财,新财,False,False,0.0,False
bucketed,16,0,ore-ni-trauma-wo-ataeta-joshitachi-ga-chirachira-mitekuru-kedo-zannen-desu-ga-teokure-desu_ch16:17:r01,S,S,False,False,0.0,False
bucketed,16,0,ore-ni-trauma-wo-ataeta-joshitachi-ga-chirachira-mitekuru-kedo-zannen-desu-ga-teokure-desu_ch16:20:r08,本会,本会,False,False,0.0,False
bucketed,16,1,ore-ni-trauma-wo-ataeta-joshitachi-ga-chirachira-mitekuru-kedo-zannen-desu-ga-teokure-desu_ch16:2:r02,新1期,新1期,False,False,0.0,False
bucketed,16,1,ore-ni-trauma-wo-ataeta-joshitachi-ga-chirachira-mitekuru-kedo-zannen-desu-ga-teokure-desu_ch16:3:r06,2Uっ,2Uっ,False,False,0.0,False
bucketed,16,1,ore-ni-trauma-wo-ataeta-joshitachi-ga-chirachira-mitekuru-kedo-zannen-desu-ga-teokure-desu_ch16:5:r04,1,1,False,False,0.0,False
bucketed,16,1,ore-ni-trauma-wo-ataeta-joshitachi-ga-chirachira-mitekuru-kedo-zannen-desu-ga-teokure-desu_ch16:7:r05,3,3,False,False,0.0,False
bucketed,16,1,ore-ni-trauma-wo-ataeta-joshitachi-ga-chirachira-mitekuru-kedo-zannen-desu-ga-teokure-desu_ch16:7:r18,C,C,False,False,0.0,False
bucketed,16,1,ore-ni-trauma-wo-ataeta-joshitachi-ga-chirachira-mitekuru-kedo-zannen-desu-ga-teokure-desu_ch16:8:r00,AA,AA,False,False,0.0,False
bucketed,16,1,ore-ni-trauma-wo-ataeta-joshitachi-ga-chirachira-mitekuru-kedo-zannen-desu-ga-teokure-desu_ch16:8:r04,世,世,False,False,0.0,False
bucketed,16,1,ore-ni-trauma-wo-ataeta-joshitachi-ga-chirachira-mitekuru-kedo-zannen-desu-ga-teokure-desu_ch16:9:r06,で,で,False,False,0.0,False
bucketed,16,1,ore-ni-trauma-wo-ataeta-joshitachi-ga-chirachira-mitekuru-kedo-zannen-desu-ga-teokure-desu_ch16:9:r08,2,2,False,False,0.0,False
bucketed,16,2,ore-ni-trauma-wo-ataeta-joshitachi-ga-chirachira-mitekuru-kedo-zannen-desu-ga-teokure-desu_ch16:1:r00,,,False,False,0.0,False
bucketed,16,2,ore-ni-trauma-wo-ataeta-joshitachi-ga-chirachira-mitekuru-kedo-zannen-desu-ga-teokure-desu_ch16:2:r00,っ,っ,False,False,0.0,False
bucketed,16,2,ore-ni-trauma-wo-ataeta-joshitachi-ga-chirachira-mitekuru-kedo-zannen-desu-ga-teokure-desu_ch16:2:r01,,,False,False,0.0,False
bucketed,16,2,ore-ni-trauma-wo-ataeta-joshitachi-ga-chirachira-mitekuru-kedo-zannen-desu-ga-teokure-desu_ch16:2:r03,,,False,False,0.0,False
bucketed,16,2,ore-ni-trauma-wo-ataeta-joshitachi-ga-chirachira-mitekuru-kedo-zannen-desu-ga-teokure-desu_ch16:2:r05,,,False,False,0.0,False
bucketed,16,2,ore-ni-trauma-wo-ataeta-joshitachi-ga-chirachira-mitekuru-kedo-zannen-desu-ga-teokure-desu_ch16:2:r06,,,False,False,0.0,False
bucketed,16,2,ore-ni-trauma-wo-ataeta-joshitachi-ga-chirachira-mitekuru-kedo-zannen-desu-ga-teokure-desu_ch16:2:r07,新,新,False,False,0.0,False
bucketed,16,2,ore-ni-trauma-wo-ataeta-joshitachi-ga-chirachira-mitekuru-kedo-zannen-desu-ga-teokure-desu_ch16:2:r08,新,新,False,False,0.0,False
bucketed,16,3,ore-ni-trauma-wo-ataeta-joshitachi-ga-chirachira-mitekuru-kedo-zannen-desu-ga-teokure-desu_ch16:1:r01,ない,ない,False,False,0.0,False
bucketed,16,3,ore-ni-trauma-wo-ataeta-joshitachi-ga-chirachira-mitekuru-kedo-zannen-desu-ga-teokure-desu_ch16:2:r04,,,False,False,0.0,False
bucketed,16,3,ore-ni-trauma-wo-ataeta-joshitachi-ga-chirachira-mitekuru-kedo-zannen-desu-ga-teokure-desu_ch16:3:r03,,,False,False,0.0,False
bucketed,16,3,ore-ni-trauma-wo-ataeta-joshitachi-ga-chirachira-mitekuru-kedo-zannen-desu-ga-teokure-desu_ch16:3:r05,,,False,False,0.0,False
bucketed,16,3,ore-ni-trauma-wo-ataeta-joshitachi-ga-chirachira-mitekuru-kedo-zannen-desu-ga-teokure-desu_ch16:3:r07,うかこの,うかこの,False,False,0.0,False
bucketed,16,3,ore-ni-trauma-wo-ataeta-joshitachi-ga-chirachira-mitekuru-kedo-zannen-desu-ga-teokure-desu_ch16:4:r00,,,False,False,0.0,False
bucketed,16,3,ore-ni-trauma-wo-ataeta-joshitachi-ga-chirachira-mitekuru-kedo-zannen-desu-ga-teokure-desu_ch16:5:r00,,,False,False,0.0,False
bucketed,16,3,ore-ni-trauma-wo-ataeta-joshitachi-ga-chirachira-mitekuru-kedo-zannen-desu-ga-teokure-desu_ch16:5:r01,,,False,False,0.0,False
bucketed,16,4,ore-ni-trauma-wo-ataeta-joshitachi-ga-chirachira-mitekuru-kedo-zannen-desu-ga-teokure-desu_ch16:7:r09,战天使修璃,战天使修璃,False,False,0.0,False
bucketed,16,4,ore-ni-trauma-wo-ataeta-joshitachi-ga-chirachira-mitekuru-kedo-zannen-desu-ga-teokure-desu_ch16:32:r01,,,False,False,0.0,False
bucketed,16,4,tonari-no-seki-no-seijo-sama-wa-ore-ni-kossori-sukaato-no-naka-o-oshiete-kureru_ch1:1:r01,新連載,新連載,False,False,0.0,False
bucketed,16,4,tonari-no-seki-no-seijo-sama-wa-ore-ni-kossori-sukaato-no-naka-o-oshiete-kureru_ch1:1:r03,るょっな,るょっな,False,False,0.0,False
bucketed,16,4,tonari-no-seki-no-seijo-sama-wa-ore-ni-kossori-sukaato-no-naka-o-oshiete-kureru_ch1:2:r03,原作小説1巻8月8日発壳,原作小説1巻8月8日発壳,False,False,0.0,False
bucketed,16,4,tonari-no-seki-no-seijo-sama-wa-ore-ni-kossori-sukaato-no-naka-o-oshiete-kureru_ch1:3:r00,,,False,False,0.0,False
bucketed,16,4,tonari-no-seki-no-seijo-sama-wa-ore-ni-kossori-sukaato-no-naka-o-oshiete-kureru_ch1:4:r03,,,False,False,0.0,False
bucketed,16,4,tonari-no-seki-no-seijo-sama-wa-ore-ni-kossori-sukaato-no-naka-o-oshiete-kureru_ch1:4:r05,,,False,False,0.0,False
bucketed,16,5,ore-ni-trauma-wo-ataeta-joshitachi-ga-chirachira-mitekuru-kedo-zannen-desu-ga-teokure-desu_ch16:24:r06,これは戒めだから,これは戒めだから,False,False,0.0,False
bucketed,16,5,tonari-no-seki-no-seijo-sama-wa-ore-ni-kossori-sukaato-no-naka-o-oshiete-kureru_ch1:1:r02,麗しき彼に事が,麗しき彼に事が,False,False,0.0,False
bucketed,16,5,tonari-no-seki-no-seijo-sama-wa-ore-ni-kossori-sukaato-no-naka-o-oshiete-kureru_ch1:3:r01,艺女の秘修ラクト！,艺女の秘修ラクト！,False,False,0.0,False
bucketed,16,5,tonari-no-seki-no-seijo-sama-wa-ore-ni-kossori-sukaato-no-naka-o-oshiete-kureru_ch1:3:r02,,,False,False,0.0,False
bucketed,16,5,tonari-no-seki-no-seijo-sama-wa-ore-ni-kossori-sukaato-no-naka-o-oshiete-kureru_ch1:5:r00,はし,はし,False,False,0.0,False
bucketed,16,5,tonari-no-seki-no-seijo-sama-wa-ore-ni-kossori-sukaato-no-naka-o-oshiete-kureru_ch1:18:r02,,,False,False,0.0,False
tight,1,0,fixture:blank,,,False,False,0.0,False
tight,1,1,fixture:black,,,False,False,0.0,False
tight,1,2,fixture:gradient,,,False,False,0.0,False
tight,1,3,fixture:checker,串零串零琴零,串零串零琴零,False,False,0.0,False
tight,1,4,ore-ni-trauma-wo-ataeta-joshitachi-ga-chirachira-mitekuru-kedo-zannen-desu-ga-teokure-desu_ch16:5:r03,济,济,False,False,0.0,False
tight,1,5,ore-ni-trauma-wo-ataeta-joshitachi-ga-chirachira-mitekuru-kedo-zannen-desu-ga-teokure-desu_ch16:5:r05,洪,洪,False,False,0.0,False
tight,1,6,ore-ni-trauma-wo-ataeta-joshitachi-ga-chirachira-mitekuru-kedo-zannen-desu-ga-teokure-desu_ch16:7:r03,,,False,False,0.0,False
tight,1,7,ore-ni-trauma-wo-ataeta-joshitachi-ga-chirachira-mitekuru-kedo-zannen-desu-ga-teokure-desu_ch16:7:r13,肺市,肺市,False,False,0.0,False
tight,1,8,ore-ni-trauma-wo-ataeta-joshitachi-ga-chirachira-mitekuru-kedo-zannen-desu-ga-teokure-desu_ch16:7:r15,胚茶,胚茶,False,False,0.0,False
tight,1,9,ore-ni-trauma-wo-ataeta-joshitachi-ga-chirachira-mitekuru-kedo-zannen-desu-ga-teokure-desu_ch16:7:r17,洪,洪,False,False,0.0,False
tight,1,10,ore-ni-trauma-wo-ataeta-joshitachi-ga-chirachira-mitekuru-kedo-zannen-desu-ga-teokure-desu_ch16:10:r04,虹,虹,False,False,0.0,False
tight,1,11,ore-ni-trauma-wo-ataeta-joshitachi-ga-chirachira-mitekuru-kedo-zannen-desu-ga-teokure-desu_ch16:17:r01,5,5,False,False,0.0,False
tight,1,12,ore-ni-trauma-wo-ataeta-joshitachi-ga-chirachira-mitekuru-kedo-zannen-desu-ga-teokure-desu_ch16:20:r08,急,急,False,False,0.0,False
tight,1,13,ore-ni-trauma-wo-ataeta-joshitachi-ga-chirachira-mitekuru-kedo-zannen-desu-ga-teokure-desu_ch16:2:r02,,,False,False,0.0,False
tight,1,14,ore-ni-trauma-wo-ataeta-joshitachi-ga-chirachira-mitekuru-kedo-zannen-desu-ga-teokure-desu_ch16:3:r06,どうか,どうか,False,False,0.0,False
tight,1,15,ore-ni-trauma-wo-ataeta-joshitachi-ga-chirachira-mitekuru-kedo-zannen-desu-ga-teokure-desu_ch16:5:r04,,,False,False,0.0,False
tight,1,16,ore-ni-trauma-wo-ataeta-joshitachi-ga-chirachira-mitekuru-kedo-zannen-desu-ga-teokure-desu_ch16:7:r05,絕織寺,絕織寺,False,False,0.0,False
tight,1,17,ore-ni-trauma-wo-ataeta-joshitachi-ga-chirachira-mitekuru-kedo-zannen-desu-ga-teokure-desu_ch16:7:r18,一ん？,一ん？,False,False,0.0,False
tight,1,18,ore-ni-trauma-wo-ataeta-joshitachi-ga-chirachira-mitekuru-kedo-zannen-desu-ga-teokure-desu_ch16:8:r00,アンタ…,アンタ…,False,False,0.0,False
tight,1,19,ore-ni-trauma-wo-ataeta-joshitachi-ga-chirachira-mitekuru-kedo-zannen-desu-ga-teokure-desu_ch16:8:r04,はい？,はい？,False,False,0.0,False
tight,1,20,ore-ni-trauma-wo-ataeta-joshitachi-ga-chirachira-mitekuru-kedo-zannen-desu-ga-teokure-desu_ch16:9:r06,駄目です,駄目です,False,False,0.0,False
tight,1,21,ore-ni-trauma-wo-ataeta-joshitachi-ga-chirachira-mitekuru-kedo-zannen-desu-ga-teokure-desu_ch16:9:r08,だ…,だ…,False,False,0.0,False
tight,1,22,ore-ni-trauma-wo-ataeta-joshitachi-ga-chirachira-mitekuru-kedo-zannen-desu-ga-teokure-desu_ch16:1:r00,母さん？,母さん？,False,False,0.0,False
tight,1,23,ore-ni-trauma-wo-ataeta-joshitachi-ga-chirachira-mitekuru-kedo-zannen-desu-ga-teokure-desu_ch16:2:r00,えっと…,えっと…,False,False,0.0,False
tight,1,24,ore-ni-trauma-wo-ataeta-joshitachi-ga-chirachira-mitekuru-kedo-zannen-desu-ga-teokure-desu_ch16:2:r01,離い夢でも見た？,離い夢でも見た？,False,False,0.0,False
tight,1,25,ore-ni-trauma-wo-ataeta-joshitachi-ga-chirachira-mitekuru-kedo-zannen-desu-ga-teokure-desu_ch16:2:r03,誰いいの,誰いいの,False,False,0.0,False
tight,1,26,ore-ni-trauma-wo-ataeta-joshitachi-ga-chirachira-mitekuru-kedo-zannen-desu-ga-teokure-desu_ch16:2:r05,ちょっとね,ちょっとね,False,False,0.0,False
tight,1,27,ore-ni-trauma-wo-ataeta-joshitachi-ga-chirachira-mitekuru-kedo-zannen-desu-ga-teokure-desu_ch16:2:r06,不まをまかあって,不まをまかあって,False,False,0.0,False
tight,1,28,ore-ni-trauma-wo-ataeta-joshitachi-ga-chirachira-mitekuru-kedo-zannen-desu-ga-teokure-desu_ch16:2:r07,一新にいれな,一新にいれな,False,False,0.0,False
tight,1,29,ore-ni-trauma-wo-ataeta-joshitachi-ga-chirachira-mitekuru-kedo-zannen-desu-ga-teokure-desu_ch16:2:r08,寒がいるたち,寒がいるたち,False,False,0.0,False
tight,1,30,ore-ni-trauma-wo-ataeta-joshitachi-ga-chirachira-mitekuru-kedo-zannen-desu-ga-teokure-desu_ch16:1:r01,離れないで,離れないで,False,False,0.0,False
tight,1,31,ore-ni-trauma-wo-ataeta-joshitachi-ga-chirachira-mitekuru-kedo-zannen-desu-ga-teokure-desu_ch16:2:r04,おチトビの,おチトビの,False,False,0.0,False
tight,1,32,ore-ni-trauma-wo-ataeta-joshitachi-ga-chirachira-mitekuru-kedo-zannen-desu-ga-teokure-desu_ch16:3:r03,私はをまない,私はをまない,False,False,0.0,False
tight,1,33,ore-ni-trauma-wo-ataeta-joshitachi-ga-chirachira-mitekuru-kedo-zannen-desu-ga-teokure-desu_ch16:3:r05,,,False,False,0.0,False
tight,1,34,ore-ni-trauma-wo-ataeta-joshitachi-ga-chirachira-mitekuru-kedo-zannen-desu-ga-teokure-desu_ch16:3:r07,どうかこのまま,どうかこのまま,False,False,0.0,False
tight,1,35,ore-ni-trauma-wo-ataeta-joshitachi-ga-chirachira-mitekuru-kedo-zannen-desu-ga-teokure-desu_ch16:4:r00,無工,無工,False,False,0.0,False
tight,1,36,ore-ni-trauma-wo-ataeta-joshitachi-ga-chirachira-mitekuru-kedo-zannen-desu-ga-teokure-desu_ch16:5:r00,華是雙以會是是一,華是雙以會是是一,False,False,0.0,False
tight,1,37,ore-ni-trauma-wo-ataeta-joshitachi-ga-chirachira-mitekuru-kedo-zannen-desu-ga-teokure-desu_ch16:5:r01,,,False,False,0.0,False
tight,1,38,ore-ni-trauma-wo-ataeta-joshitachi-ga-chirachira-mitekuru-kedo-zannen-desu-ga-teokure-desu_ch16:7:r09,以载天使修高,以载天使修高,False,False,0.0,False
tight,1,39,ore-ni-trauma-wo-ataeta-joshitachi-ga-chirachira-mitekuru-kedo-zannen-desu-ga-teokure-desu_ch16:32:r01,はっだと,はっだと,False,False,0.0,False
tight,1,40,tonari-no-seki-no-seijo-sama-wa-ore-ni-kossori-sukaato-no-naka-o-oshiete-kureru_ch1:1:r01,新連載,新連載,False,False,0.0,False
tight,1,41,tonari-no-seki-no-seijo-sama-wa-ore-ni-kossori-sukaato-no-naka-o-oshiete-kureru_ch1:1:r03,もが長りるるような,もが長りるるような,False,False,0.0,False
tight,1,42,tonari-no-seki-no-seijo-sama-wa-ore-ni-kossori-sukaato-no-naka-o-oshiete-kureru_ch1:2:r03,原作小說1卷巻8月8日発壳！,原作小說1卷巻8月8日発壳！,False,False,0.0,False
tight,1,43,tonari-no-seki-no-seijo-sama-wa-ore-ni-kossori-sukaato-no-naka-o-oshiete-kureru_ch1:3:r00,西,西,False,False,0.0,False
tight,1,44,tonari-no-seki-no-seijo-sama-wa-ore-ni-kossori-sukaato-no-naka-o-oshiete-kureru_ch1:4:r03,,,False,False,0.0,False
tight,1,45,tonari-no-seki-no-seijo-sama-wa-ore-ni-kossori-sukaato-no-naka-o-oshiete-kureru_ch1:4:r05,彼い。,彼い。,False,False,0.0,False
tight,1,46,ore-ni-trauma-wo-ataeta-joshitachi-ga-chirachira-mitekuru-kedo-zannen-desu-ga-teokure-desu_ch16:24:r06,これは戒めだから,これは戒めだから,False,False,0.0,False
tight,1,47,tonari-no-seki-no-seijo-sama-wa-ore-ni-kossori-sukaato-no-naka-o-oshiete-kureru_ch1:1:r02,麗しき彼原し事が？,麗しき彼原し事が？,False,False,0.0,False
tight,1,48,tonari-no-seki-no-seijo-sama-wa-ore-ni-kossori-sukaato-no-naka-o-oshiete-kureru_ch1:3:r01,る女の秘密全純修ラクトメ！,る女の秘密全純修ラクトメ！,False,False,0.0,False
tight,1,49,tonari-no-seki-no-seijo-sama-wa-ore-ni-kossori-sukaato-no-naka-o-oshiete-kureru_ch1:3:r02,炒,炒,False,False,0.0,False
tight,1,50,tonari-no-seki-no-seijo-sama-wa-ore-ni-kossori-sukaato-no-naka-o-oshiete-kureru_ch1:5:r00,をし手なくことしないなのだ,をし手なくことしないなのだ,False,False,0.0,False
tight,1,51,tonari-no-seki-no-seijo-sama-wa-ore-ni-kossori-sukaato-no-naka-o-oshiete-kureru_ch1:18:r02,そんな題は!,そんな題は!,False,False,0.0,False
tight,2,0,fixture:blank,,,False,False,0.0,False
tight,2,0,fixture:black,,,False,False,0.0,False
tight,2,1,fixture:gradient,,,False,False,0.0,False
tight,2,1,fixture:checker,串零串零琴零,串零串零琴零,False,False,0.0,False
tight,2,2,ore-ni-trauma-wo-ataeta-joshitachi-ga-chirachira-mitekuru-kedo-zannen-desu-ga-teokure-desu_ch16:5:r03,济,济,False,False,0.0,False
tight,2,2,ore-ni-trauma-wo-ataeta-joshitachi-ga-chirachira-mitekuru-kedo-zannen-desu-ga-teokure-desu_ch16:5:r05,洪,洪,False,False,0.0,False
tight,2,3,ore-ni-trauma-wo-ataeta-joshitachi-ga-chirachira-mitekuru-kedo-zannen-desu-ga-teokure-desu_ch16:7:r03,,,False,True,0.19589436054229736,True
tight,2,3,ore-ni-trauma-wo-ataeta-joshitachi-ga-chirachira-mitekuru-kedo-zannen-desu-ga-teokure-desu_ch16:7:r13,肺市,肺市,False,False,0.0,False
tight,2,4,ore-ni-trauma-wo-ataeta-joshitachi-ga-chirachira-mitekuru-kedo-zannen-desu-ga-teokure-desu_ch16:7:r15,胚茶,胚茶,False,False,0.0,False
tight,2,4,ore-ni-trauma-wo-ataeta-joshitachi-ga-chirachira-mitekuru-kedo-zannen-desu-ga-teokure-desu_ch16:7:r17,洪,邪,True,True,0.22401994466781616,True
tight,2,5,ore-ni-trauma-wo-ataeta-joshitachi-ga-chirachira-mitekuru-kedo-zannen-desu-ga-teokure-desu_ch16:10:r04,虹,虹,False,False,0.0,False
tight,2,5,ore-ni-trauma-wo-ataeta-joshitachi-ga-chirachira-mitekuru-kedo-zannen-desu-ga-teokure-desu_ch16:17:r01,5,5,False,True,0.33660098910331726,True
tight,2,6,ore-ni-trauma-wo-ataeta-joshitachi-ga-chirachira-mitekuru-kedo-zannen-desu-ga-teokure-desu_ch16:20:r08,急,急,False,False,0.0,False
tight,2,7,ore-ni-trauma-wo-ataeta-joshitachi-ga-chirachira-mitekuru-kedo-zannen-desu-ga-teokure-desu_ch16:2:r02,,翼,True,True,0.3212909400463104,True
tight,2,7,ore-ni-trauma-wo-ataeta-joshitachi-ga-chirachira-mitekuru-kedo-zannen-desu-ga-teokure-desu_ch16:3:r06,どうか,どうか,False,False,0.0,False
tight,2,8,ore-ni-trauma-wo-ataeta-joshitachi-ga-chirachira-mitekuru-kedo-zannen-desu-ga-teokure-desu_ch16:5:r04,,,False,True,0.30996865034103394,True
tight,2,8,ore-ni-trauma-wo-ataeta-joshitachi-ga-chirachira-mitekuru-kedo-zannen-desu-ga-teokure-desu_ch16:7:r05,絕織寺,絕織寺,False,False,0.0,False
tight,2,9,ore-ni-trauma-wo-ataeta-joshitachi-ga-chirachira-mitekuru-kedo-zannen-desu-ga-teokure-desu_ch16:7:r18,一ん？,一ん？,False,False,0.0,False
tight,2,9,ore-ni-trauma-wo-ataeta-joshitachi-ga-chirachira-mitekuru-kedo-zannen-desu-ga-teokure-desu_ch16:8:r00,アンタ…,アンタ…,False,True,0.9671047925949097,True
tight,2,10,ore-ni-trauma-wo-ataeta-joshitachi-ga-chirachira-mitekuru-kedo-zannen-desu-ga-teokure-desu_ch16:8:r04,はい？,はい？,False,False,0.04689827561378479,False
tight,2,10,ore-ni-trauma-wo-ataeta-joshitachi-ga-chirachira-mitekuru-kedo-zannen-desu-ga-teokure-desu_ch16:9:r06,駄目です,駄目です,False,False,0.0,False
tight,2,11,ore-ni-trauma-wo-ataeta-joshitachi-ga-chirachira-mitekuru-kedo-zannen-desu-ga-teokure-desu_ch16:9:r08,だ…,だ…,False,False,0.0,False
tight,2,12,ore-ni-trauma-wo-ataeta-joshitachi-ga-chirachira-mitekuru-kedo-zannen-desu-ga-teokure-desu_ch16:1:r00,母さん？,母さん？,False,False,0.025184214115142822,False
tight,2,12,ore-ni-trauma-wo-ataeta-joshitachi-ga-chirachira-mitekuru-kedo-zannen-desu-ga-teokure-desu_ch16:2:r00,えっと…,えっと…,False,False,0.0,False
tight,2,13,ore-ni-trauma-wo-ataeta-joshitachi-ga-chirachira-mitekuru-kedo-zannen-desu-ga-teokure-desu_ch16:2:r01,離い夢でも見た？,離い夢でも見た？,False,False,0.0,False
tight,2,13,ore-ni-trauma-wo-ataeta-joshitachi-ga-chirachira-mitekuru-kedo-zannen-desu-ga-teokure-desu_ch16:2:r03,誰いいの,彼いいのそ,True,True,0.3022525906562805,True
tight,2,14,ore-ni-trauma-wo-ataeta-joshitachi-ga-chirachira-mitekuru-kedo-zannen-desu-ga-teokure-desu_ch16:2:r05,ちょっとね,ちょっとね,False,False,0.0,False
tight,2,14,ore-ni-trauma-wo-ataeta-joshitachi-ga-chirachira-mitekuru-kedo-zannen-desu-ga-teokure-desu_ch16:2:r06,不まをまかあって,不起をまっあって,True,True,0.2711032032966614,True
tight,2,15,ore-ni-trauma-wo-ataeta-joshitachi-ga-chirachira-mitekuru-kedo-zannen-desu-ga-teokure-desu_ch16:2:r07,一新にいれな,一新といてな,True,True,0.05744750052690506,True
tight,2,15,ore-ni-trauma-wo-ataeta-joshitachi-ga-chirachira-mitekuru-kedo-zannen-desu-ga-teokure-desu_ch16:2:r08,寒がいるたち,寒がいるたち,False,False,0.0,False
tight,2,16,ore-ni-trauma-wo-ataeta-joshitachi-ga-chirachira-mitekuru-kedo-zannen-desu-ga-teokure-desu_ch16:1:r01,離れないで,離れないで,False,True,0.07415223121643066,True
tight,2,16,ore-ni-trauma-wo-ataeta-joshitachi-ga-chirachira-mitekuru-kedo-zannen-desu-ga-teokure-desu_ch16:2:r04,おチトビの,おチトビの,False,False,0.0,False
tight,2,17,ore-ni-trauma-wo-ataeta-joshitachi-ga-chirachira-mitekuru-kedo-zannen-desu-ga-teokure-desu_ch16:3:r03,私はをまない,私はをまない,False,False,0.0,False
tight,2,17,ore-ni-trauma-wo-ataeta-joshitachi-ga-chirachira-mitekuru-kedo-zannen-desu-ga-teokure-desu_ch16:3:r05,,,False,True,0.39122283458709717,True
tight,2,18,ore-ni-trauma-wo-ataeta-joshitachi-ga-chirachira-mitekuru-kedo-zannen-desu-ga-teokure-desu_ch16:3:r07,どうかこのまま,どうかこのまま,False,False,0.0,False
tight,2,18,ore-ni-trauma-wo-ataeta-joshitachi-ga-chirachira-mitekuru-kedo-zannen-desu-ga-teokure-desu_ch16:4:r00,無工,ET,True,True,0.6436970233917236,True
tight,2,19,ore-ni-trauma-wo-ataeta-joshitachi-ga-chirachira-mitekuru-kedo-zannen-desu-ga-teokure-desu_ch16:5:r00,華是雙以會是是一,華是雙以會是是一,False,False,0.0,False
tight,2,19,ore-ni-trauma-wo-ataeta-joshitachi-ga-chirachira-mitekuru-kedo-zannen-desu-ga-teokure-desu_ch16:5:r01,,aar,True,True,0.7787196636199951,True
tight,2,20,ore-ni-trauma-wo-ataeta-joshitachi-ga-chirachira-mitekuru-kedo-zannen-desu-ga-teokure-desu_ch16:7:r09,以载天使修高,以载天使修高,False,False,0.0,False
tight,2,20,ore-ni-trauma-wo-ataeta-joshitachi-ga-chirachira-mitekuru-kedo-zannen-desu-ga-teokure-desu_ch16:32:r01,はっだと,母らそとは顔っほだと,True,True,0.22578802704811096,True
tight,2,21,tonari-no-seki-no-seijo-sama-wa-ore-ni-kossori-sukaato-no-naka-o-oshiete-kureru_ch1:1:r01,新連載,新連載,False,True,0.020523011684417725,True
tight,2,21,tonari-no-seki-no-seijo-sama-wa-ore-ni-kossori-sukaato-no-naka-o-oshiete-kureru_ch1:1:r03,もが長りるるような,もが長りるるような,False,False,0.0,False
tight,2,22,tonari-no-seki-no-seijo-sama-wa-ore-ni-kossori-sukaato-no-naka-o-oshiete-kureru_ch1:2:r03,原作小說1卷巻8月8日発壳！,原作小說1卷巻8月8日発壳！,False,False,0.0,False
tight,2,22,tonari-no-seki-no-seijo-sama-wa-ore-ni-kossori-sukaato-no-naka-o-oshiete-kureru_ch1:3:r00,西,,True,True,0.7238671183586121,True
tight,2,23,tonari-no-seki-no-seijo-sama-wa-ore-ni-kossori-sukaato-no-naka-o-oshiete-kureru_ch1:4:r03,,,False,False,0.0,False
tight,2,23,tonari-no-seki-no-seijo-sama-wa-ore-ni-kossori-sukaato-no-naka-o-oshiete-kureru_ch1:4:r05,彼い。,どい,True,True,0.7362939119338989,True
tight,2,24,ore-ni-trauma-wo-ataeta-joshitachi-ga-chirachira-mitekuru-kedo-zannen-desu-ga-teokure-desu_ch16:24:r06,これは戒めだから,これは戒めだから,False,False,0.0,False
tight,2,24,tonari-no-seki-no-seijo-sama-wa-ore-ni-kossori-sukaato-no-naka-o-oshiete-kureru_ch1:1:r02,麗しき彼原し事が？,麗しき彼し事が？,True,True,0.667267918586731,True
tight,2,25,tonari-no-seki-no-seijo-sama-wa-ore-ni-kossori-sukaato-no-naka-o-oshiete-kureru_ch1:3:r01,る女の秘密全純修ラクトメ！,る女の秘密全純修ラクトメ！,False,False,0.0,False
tight,2,25,tonari-no-seki-no-seijo-sama-wa-ore-ni-kossori-sukaato-no-naka-o-oshiete-kureru_ch1:3:r02,炒,,True,True,0.19728323817253113,True
tight,2,26,tonari-no-seki-no-seijo-sama-wa-ore-ni-kossori-sukaato-no-naka-o-oshiete-kureru_ch1:5:r00,をし手なくことしないなのだ,をし手なくことしないなのだ,False,False,0.0,False
tight,2,26,tonari-no-seki-no-seijo-sama-wa-ore-ni-kossori-sukaato-no-naka-o-oshiete-kureru_ch1:18:r02,そんな題は!,バそんな題は！,True,True,0.27981898188591003,True
tight,4,0,fixture:blank,,,False,False,0.0,False
tight,4,0,fixture:black,,,False,False,0.0,False
tight,4,0,fixture:gradient,,,False,False,0.0,False
tight,4,0,fixture:checker,串零串零琴零,串零串零琴零,False,False,0.0,False
tight,4,1,ore-ni-trauma-wo-ataeta-joshitachi-ga-chirachira-mitekuru-kedo-zannen-desu-ga-teokure-desu_ch16:5:r03,济,济,False,True,0.19600573182106018,True
tight,4,1,ore-ni-trauma-wo-ataeta-joshitachi-ga-chirachira-mitekuru-kedo-zannen-desu-ga-teokure-desu_ch16:5:r05,洪,注,True,True,0.47946953773498535,True
tight,4,1,ore-ni-trauma-wo-ataeta-joshitachi-ga-chirachira-mitekuru-kedo-zannen-desu-ga-teokure-desu_ch16:7:r03,,,False,True,0.19589436054229736,True
tight,4,1,ore-ni-trauma-wo-ataeta-joshitachi-ga-chirachira-mitekuru-kedo-zannen-desu-ga-teokure-desu_ch16:7:r13,肺市,肺市,False,False,0.0,False
tight,4,2,ore-ni-trauma-wo-ataeta-joshitachi-ga-chirachira-mitekuru-kedo-zannen-desu-ga-teokure-desu_ch16:7:r15,胚茶,胚茶,False,False,0.0,False
tight,4,2,ore-ni-trauma-wo-ataeta-joshitachi-ga-chirachira-mitekuru-kedo-zannen-desu-ga-teokure-desu_ch16:7:r17,洪,邪,True,True,0.22401994466781616,True
tight,4,2,ore-ni-trauma-wo-ataeta-joshitachi-ga-chirachira-mitekuru-kedo-zannen-desu-ga-teokure-desu_ch16:10:r04,虹,,True,True,0.18883353471755981,False
tight,4,2,ore-ni-trauma-wo-ataeta-joshitachi-ga-chirachira-mitekuru-kedo-zannen-desu-ga-teokure-desu_ch16:17:r01,5,5,False,True,0.37222820520401,True
tight,4,3,ore-ni-trauma-wo-ataeta-joshitachi-ga-chirachira-mitekuru-kedo-zannen-desu-ga-teokure-desu_ch16:20:r08,急,急,False,False,0.0,False
tight,4,4,ore-ni-trauma-wo-ataeta-joshitachi-ga-chirachira-mitekuru-kedo-zannen-desu-ga-teokure-desu_ch16:2:r02,,,False,True,0.20876547694206238,True
tight,4,4,ore-ni-trauma-wo-ataeta-joshitachi-ga-chirachira-mitekuru-kedo-zannen-desu-ga-teokure-desu_ch16:3:r06,どうか,どうか,False,True,0.004307150840759277,True
tight,4,4,ore-ni-trauma-wo-ataeta-joshitachi-ga-chirachira-mitekuru-kedo-zannen-desu-ga-teokure-desu_ch16:5:r04,,,False,True,0.30996865034103394,True
tight,4,4,ore-ni-trauma-wo-ataeta-joshitachi-ga-chirachira-mitekuru-kedo-zannen-desu-ga-teokure-desu_ch16:7:r05,絕織寺,絕織寺,False,False,0.0,False
tight,4,5,ore-ni-trauma-wo-ataeta-joshitachi-ga-chirachira-mitekuru-kedo-zannen-desu-ga-teokure-desu_ch16:7:r18,一ん？,一ん？,False,False,0.0,False
tight,4,5,ore-ni-trauma-wo-ataeta-joshitachi-ga-chirachira-mitekuru-kedo-zannen-desu-ga-teokure-desu_ch16:8:r00,アンタ…,アンタ…,False,True,0.9671047925949097,True
tight,4,5,ore-ni-trauma-wo-ataeta-joshitachi-ga-chirachira-mitekuru-kedo-zannen-desu-ga-teokure-desu_ch16:8:r04,はい？,はい？,False,True,0.12222334742546082,True
tight,4,5,ore-ni-trauma-wo-ataeta-joshitachi-ga-chirachira-mitekuru-kedo-zannen-desu-ga-teokure-desu_ch16:9:r06,駄目です,賢目です,True,True,0.29531610012054443,True
tight,4,6,ore-ni-trauma-wo-ataeta-joshitachi-ga-chirachira-mitekuru-kedo-zannen-desu-ga-teokure-desu_ch16:9:r08,だ…,だ…,False,False,0.0,False
tight,4,7,ore-ni-trauma-wo-ataeta-joshitachi-ga-chirachira-mitekuru-kedo-zannen-desu-ga-teokure-desu_ch16:1:r00,母さん？,母さん？,False,True,0.018626809120178223,True
tight,4,7,ore-ni-trauma-wo-ataeta-joshitachi-ga-chirachira-mitekuru-kedo-zannen-desu-ga-teokure-desu_ch16:2:r00,えっと…,えっと…,False,True,0.21852421760559082,True
tight,4,7,ore-ni-trauma-wo-ataeta-joshitachi-ga-chirachira-mitekuru-kedo-zannen-desu-ga-teokure-desu_ch16:2:r01,離い夢でも見た？,離い夢でも見た？,False,False,0.0,False
tight,4,7,ore-ni-trauma-wo-ataeta-joshitachi-ga-chirachira-mitekuru-kedo-zannen-desu-ga-teokure-desu_ch16:2:r03,誰いいの,彼いいのそ,True,True,0.3022525906562805,True
tight,4,8,ore-ni-trauma-wo-ataeta-joshitachi-ga-chirachira-mitekuru-kedo-zannen-desu-ga-teokure-desu_ch16:2:r05,ちょっとね,ちょっとね,False,False,0.0,False
tight,4,8,ore-ni-trauma-wo-ataeta-joshitachi-ga-chirachira-mitekuru-kedo-zannen-desu-ga-teokure-desu_ch16:2:r06,不まをまかあって,不起をまっあって,True,True,0.2711032032966614,True
tight,4,8,ore-ni-trauma-wo-ataeta-joshitachi-ga-chirachira-mitekuru-kedo-zannen-desu-ga-teokure-desu_ch16:2:r07,一新にいれな,一新といをな,True,True,0.1083318442106247,True
tight,4,8,ore-ni-trauma-wo-ataeta-joshitachi-ga-chirachira-mitekuru-kedo-zannen-desu-ga-teokure-desu_ch16:2:r08,寒がいるたち,がいる生ち,True,True,0.33676815032958984,True
tight,4,9,ore-ni-trauma-wo-ataeta-joshitachi-ga-chirachira-mitekuru-kedo-zannen-desu-ga-teokure-desu_ch16:1:r01,離れないで,離れないで,False,True,0.07415223121643066,True
tight,4,9,ore-ni-trauma-wo-ataeta-joshitachi-ga-chirachira-mitekuru-kedo-zannen-desu-ga-teokure-desu_ch16:2:r04,おチトビの,おチトビの,False,False,0.0,False
tight,4,9,ore-ni-trauma-wo-ataeta-joshitachi-ga-chirachira-mitekuru-kedo-zannen-desu-ga-teokure-desu_ch16:3:r03,私はをまない,そなんあさるっ,True,True,0.3523986041545868,True
tight,4,9,ore-ni-trauma-wo-ataeta-joshitachi-ga-chirachira-mitekuru-kedo-zannen-desu-ga-teokure-desu_ch16:3:r05,,,False,True,0.16978847980499268,True
tight,4,10,ore-ni-trauma-wo-ataeta-joshitachi-ga-chirachira-mitekuru-kedo-zannen-desu-ga-teokure-desu_ch16:3:r07,どうかこのまま,どうかこのまま,False,False,0.0,False
tight,4,10,ore-ni-trauma-wo-ataeta-joshitachi-ga-chirachira-mitekuru-kedo-zannen-desu-ga-teokure-desu_ch16:4:r00,無工,ET,True,True,0.6436970233917236,True
tight,4,10,ore-ni-trauma-wo-ataeta-joshitachi-ga-chirachira-mitekuru-kedo-zannen-desu-ga-teokure-desu_ch16:5:r00,華是雙以會是是一,華を間を進のそ,True,True,0.969955563545227,True
tight,4,10,ore-ni-trauma-wo-ataeta-joshitachi-ga-chirachira-mitekuru-kedo-zannen-desu-ga-teokure-desu_ch16:5:r01,,,False,True,0.37171614170074463,True
tight,4,11,ore-ni-trauma-wo-ataeta-joshitachi-ga-chirachira-mitekuru-kedo-zannen-desu-ga-teokure-desu_ch16:7:r09,以载天使修高,以载天使修高,False,False,0.0,False
tight,4,11,ore-ni-trauma-wo-ataeta-joshitachi-ga-chirachira-mitekuru-kedo-zannen-desu-ga-teokure-desu_ch16:32:r01,はっだと,母らそとは顔っほだと,True,True,0.22578802704811096,True
tight,4,11,tonari-no-seki-no-seijo-sama-wa-ore-ni-kossori-sukaato-no-naka-o-oshiete-kureru_ch1:1:r01,新連載,新連載,False,True,0.02147585153579712,True
tight,4,11,tonari-no-seki-no-seijo-sama-wa-ore-ni-kossori-sukaato-no-naka-o-oshiete-kureru_ch1:1:r03,もが長りるるような,まるがきりるるような,True,True,0.09683412313461304,True
tight,4,12,tonari-no-seki-no-seijo-sama-wa-ore-ni-kossori-sukaato-no-naka-o-oshiete-kureru_ch1:2:r03,原作小說1卷巻8月8日発壳！,原作小說1卷巻8月8日発壳！,False,False,0.0,False
tight,4,12,tonari-no-seki-no-seijo-sama-wa-ore-ni-kossori-sukaato-no-naka-o-oshiete-kureru_ch1:3:r00,西,,True,True,0.7238671183586121,True
tight,4,12,tonari-no-seki-no-seijo-sama-wa-ore-ni-kossori-sukaato-no-naka-o-oshiete-kureru_ch1:4:r03,,重まをま,True,True,0.7536231279373169,True
tight,4,12,tonari-no-seki-no-seijo-sama-wa-ore-ni-kossori-sukaato-no-naka-o-oshiete-kureru_ch1:4:r05,彼い。,,True,True,0.8799466490745544,True
tight,4,13,ore-ni-trauma-wo-ataeta-joshitachi-ga-chirachira-mitekuru-kedo-zannen-desu-ga-teokure-desu_ch16:24:r06,これは戒めだから,これは戒めだから,False,False,0.0020408034324645996,False
tight,4,13,tonari-no-seki-no-seijo-sama-wa-ore-ni-kossori-sukaato-no-naka-o-oshiete-kureru_ch1:1:r02,麗しき彼原し事が？,麗しき彼し事が？,True,True,0.5642947554588318,True
tight,4,13,tonari-no-seki-no-seijo-sama-wa-ore-ni-kossori-sukaato-no-naka-o-oshiete-kureru_ch1:3:r01,る女の秘密全純修ラクトメ！,る女の秘密全純修ラクトメ！,False,False,0.0,False
tight,4,13,tonari-no-seki-no-seijo-sama-wa-ore-ni-kossori-sukaato-no-naka-o-oshiete-kureru_ch1:3:r02,炒,,True,True,0.19728323817253113,True
tight,4,14,tonari-no-seki-no-seijo-sama-wa-ore-ni-kossori-sukaato-no-naka-o-oshiete-kureru_ch1:5:r00,をし手なくことしないなのだ,をし手なくことしないなのだ,False,False,0.0,False
tight,4,14,tonari-no-seki-no-seijo-sama-wa-ore-ni-kossori-sukaato-no-naka-o-oshiete-kureru_ch1:18:r02,そんな題は!,バそんな題は！,True,True,0.27981898188591003,True
tight,8,0,fixture:blank,,,False,False,0.0,False
tight,8,0,fixture:black,,,False,False,0.0,False
tight,8,0,fixture:gradient,,,False,False,0.0,False
tight,8,0,fixture:checker,串零串零琴零,串零串零琴零,False,False,0.0,False
tight,8,0,ore-ni-trauma-wo-ataeta-joshitachi-ga-chirachira-mitekuru-kedo-zannen-desu-ga-teokure-desu_ch16:5:r03,济,,True,True,0.32361358404159546,True
tight,8,0,ore-ni-trauma-wo-ataeta-joshitachi-ga-chirachira-mitekuru-kedo-zannen-desu-ga-teokure-desu_ch16:5:r05,洪,法,True,True,0.643324613571167,True
tight,8,0,ore-ni-trauma-wo-ataeta-joshitachi-ga-chirachira-mitekuru-kedo-zannen-desu-ga-teokure-desu_ch16:7:r03,,,False,True,0.3441953659057617,True
tight,8,0,ore-ni-trauma-wo-ataeta-joshitachi-ga-chirachira-mitekuru-kedo-zannen-desu-ga-teokure-desu_ch16:7:r13,肺市,肺,True,True,0.43556728959083557,True
tight,8,1,ore-ni-trauma-wo-ataeta-joshitachi-ga-chirachira-mitekuru-kedo-zannen-desu-ga-teokure-desu_ch16:7:r15,胚茶,胚茶,False,False,0.0,False
tight,8,1,ore-ni-trauma-wo-ataeta-joshitachi-ga-chirachira-mitekuru-kedo-zannen-desu-ga-teokure-desu_ch16:7:r17,洪,邪,True,True,0.22401994466781616,True
tight,8,1,ore-ni-trauma-wo-ataeta-joshitachi-ga-chirachira-mitekuru-kedo-zannen-desu-ga-teokure-desu_ch16:10:r04,虹,,True,True,0.18883353471755981,False
tight,8,1,ore-ni-trauma-wo-ataeta-joshitachi-ga-chirachira-mitekuru-kedo-zannen-desu-ga-teokure-desu_ch16:17:r01,5,5,False,True,0.37222820520401,True
tight,8,1,ore-ni-trauma-wo-ataeta-joshitachi-ga-chirachira-mitekuru-kedo-zannen-desu-ga-teokure-desu_ch16:20:r08,急,遙,True,True,0.264259934425354,True
tight,8,2,ore-ni-trauma-wo-ataeta-joshitachi-ga-chirachira-mitekuru-kedo-zannen-desu-ga-teokure-desu_ch16:2:r02,,,False,True,0.353396475315094,True
tight,8,2,ore-ni-trauma-wo-ataeta-joshitachi-ga-chirachira-mitekuru-kedo-zannen-desu-ga-teokure-desu_ch16:3:r06,どうか,どうか,False,True,0.034272968769073486,True
tight,8,2,ore-ni-trauma-wo-ataeta-joshitachi-ga-chirachira-mitekuru-kedo-zannen-desu-ga-teokure-desu_ch16:5:r04,,,False,True,0.3960861265659332,True
tight,8,2,ore-ni-trauma-wo-ataeta-joshitachi-ga-chirachira-mitekuru-kedo-zannen-desu-ga-teokure-desu_ch16:7:r05,絕織寺,絕織寺,False,True,0.25623854994773865,True
tight,8,2,ore-ni-trauma-wo-ataeta-joshitachi-ga-chirachira-mitekuru-kedo-zannen-desu-ga-teokure-desu_ch16:7:r18,一ん？,一ん？,False,False,0.0,False
tight,8,2,ore-ni-trauma-wo-ataeta-joshitachi-ga-chirachira-mitekuru-kedo-zannen-desu-ga-teokure-desu_ch16:8:r00,アンタ…,アンタ…,False,True,0.9671047925949097,True
tight,8,2,ore-ni-trauma-wo-ataeta-joshitachi-ga-chirachira-mitekuru-kedo-zannen-desu-ga-teokure-desu_ch16:8:r04,はい？,はい？,False,True,0.12222334742546082,True
tight,8,2,ore-ni-trauma-wo-ataeta-joshitachi-ga-chirachira-mitekuru-kedo-zannen-desu-ga-teokure-desu_ch16:9:r06,駄目です,賢目です,True,True,0.29531610012054443,True
tight,8,3,ore-ni-trauma-wo-ataeta-joshitachi-ga-chirachira-mitekuru-kedo-zannen-desu-ga-teokure-desu_ch16:9:r08,だ…,だ…,False,False,0.0,False
tight,8,4,ore-ni-trauma-wo-ataeta-joshitachi-ga-chirachira-mitekuru-kedo-zannen-desu-ga-teokure-desu_ch16:1:r00,母さん？,母さん？,False,True,0.018626809120178223,True
tight,8,4,ore-ni-trauma-wo-ataeta-joshitachi-ga-chirachira-mitekuru-kedo-zannen-desu-ga-teokure-desu_ch16:2:r00,えっと…,えっと…,False,True,0.21852421760559082,True
tight,8,4,ore-ni-trauma-wo-ataeta-joshitachi-ga-chirachira-mitekuru-kedo-zannen-desu-ga-teokure-desu_ch16:2:r01,離い夢でも見た？,離い夢でも見た？,False,False,0.0,False
tight,8,4,ore-ni-trauma-wo-ataeta-joshitachi-ga-chirachira-mitekuru-kedo-zannen-desu-ga-teokure-desu_ch16:2:r03,誰いいの,彼いいのそ,True,True,0.3022525906562805,True
tight,8,4,ore-ni-trauma-wo-ataeta-joshitachi-ga-chirachira-mitekuru-kedo-zannen-desu-ga-teokure-desu_ch16:2:r05,ちょっとね,ちょっとね…,True,True,0.5012158155441284,True
tight,8,4,ore-ni-trauma-wo-ataeta-joshitachi-ga-chirachira-mitekuru-kedo-zannen-desu-ga-teokure-desu_ch16:2:r06,不まをまかあって,本なそうあっん,True,True,0.5109151601791382,True
tight,8,4,ore-ni-trauma-wo-ataeta-joshitachi-ga-chirachira-mitekuru-kedo-zannen-desu-ga-teokure-desu_ch16:2:r07,一新にいれな,「楽いでを,True,True,0.2981244623661041,True
tight,8,4,ore-ni-trauma-wo-ataeta-joshitachi-ga-chirachira-mitekuru-kedo-zannen-desu-ga-teokure-desu_ch16:2:r08,寒がいるたち,がいるたら,True,True,0.39640289545059204,True
tight,8,5,ore-ni-trauma-wo-ataeta-joshitachi-ga-chirachira-mitekuru-kedo-zannen-desu-ga-teokure-desu_ch16:1:r01,離れないで,離れないで,False,True,0.09898167848587036,True
tight,8,5,ore-ni-trauma-wo-ataeta-joshitachi-ga-chirachira-mitekuru-kedo-zannen-desu-ga-teokure-desu_ch16:2:r04,おチトビの,おチトビの…,True,True,0.208985835313797,True
tight,8,5,ore-ni-trauma-wo-ataeta-joshitachi-ga-chirachira-mitekuru-kedo-zannen-desu-ga-teokure-desu_ch16:3:r03,私はをまない,そこをあさっ。,True,True,0.4033023416996002,True
tight,8,5,ore-ni-trauma-wo-ataeta-joshitachi-ga-chirachira-mitekuru-kedo-zannen-desu-ga-teokure-desu_ch16:3:r05,,,False,True,0.17559993267059326,True
tight,8,5,ore-ni-trauma-wo-ataeta-joshitachi-ga-chirachira-mitekuru-kedo-zannen-desu-ga-teokure-desu_ch16:3:r07,どうかこのまま,どうかこのまま,False,False,0.0,False
tight,8,5,ore-ni-trauma-wo-ataeta-joshitachi-ga-chirachira-mitekuru-kedo-zannen-desu-ga-teokure-desu_ch16:4:r00,無工,ET,True,True,0.6436970233917236,True
tight,8,5,ore-ni-trauma-wo-ataeta-joshitachi-ga-chirachira-mitekuru-kedo-zannen-desu-ga-teokure-desu_ch16:5:r00,華是雙以會是是一,華を間を進のそ,True,True,0.969955563545227,True
tight,8,5,ore-ni-trauma-wo-ataeta-joshitachi-ga-chirachira-mitekuru-kedo-zannen-desu-ga-teokure-desu_ch16:5:r01,,,False,True,0.37171614170074463,True
tight,8,6,ore-ni-trauma-wo-ataeta-joshitachi-ga-chirachira-mitekuru-kedo-zannen-desu-ga-teokure-desu_ch16:7:r09,以载天使修高,截天使修璃,True,True,0.8716620206832886,True
tight,8,6,ore-ni-trauma-wo-ataeta-joshitachi-ga-chirachira-mitekuru-kedo-zannen-desu-ga-teokure-desu_ch16:32:r01,はっだと,っっ,True,True,0.3831315040588379,True
tight,8,6,tonari-no-seki-no-seijo-sama-wa-ore-ni-kossori-sukaato-no-naka-o-oshiete-kureru_ch1:1:r01,新連載,新連載,False,True,0.0070629119873046875,True
tight,8,6,tonari-no-seki-no-seijo-sama-wa-ore-ni-kossori-sukaato-no-naka-o-oshiete-kureru_ch1:1:r03,もが長りるるような,もがでりるような,True,True,0.5509466528892517,True
tight,8,6,tonari-no-seki-no-seijo-sama-wa-ore-ni-kossori-sukaato-no-naka-o-oshiete-kureru_ch1:2:r03,原作小說1卷巻8月8日発壳！,原作小說1卷巻8月8日発壳！,False,False,0.0,False
tight,8,6,tonari-no-seki-no-seijo-sama-wa-ore-ni-kossori-sukaato-no-naka-o-oshiete-kureru_ch1:3:r00,西,,True,True,0.7238671183586121,True
tight,8,6,tonari-no-seki-no-seijo-sama-wa-ore-ni-kossori-sukaato-no-naka-o-oshiete-kureru_ch1:4:r03,,重まをま,True,True,0.7536231279373169,True
tight,8,6,tonari-no-seki-no-seijo-sama-wa-ore-ni-kossori-sukaato-no-naka-o-oshiete-kureru_ch1:4:r05,彼い。,,True,True,0.8799466490745544,True
tight,8,7,ore-ni-trauma-wo-ataeta-joshitachi-ga-chirachira-mitekuru-kedo-zannen-desu-ga-teokure-desu_ch16:24:r06,これは戒めだから,これは戒めだから,False,True,0.004039764404296875,True
tight,8,7,tonari-no-seki-no-seijo-sama-wa-ore-ni-kossori-sukaato-no-naka-o-oshiete-kureru_ch1:1:r02,麗しき彼原し事が？,麗しき彼し事が？,True,True,0.6090992093086243,True
tight,8,7,tonari-no-seki-no-seijo-sama-wa-ore-ni-kossori-sukaato-no-naka-o-oshiete-kureru_ch1:3:r01,る女の秘密全純修ラクトメ！,る女の秘密全ん修ラクトメ！,True,True,0.12698733806610107,True
tight,8,7,tonari-no-seki-no-seijo-sama-wa-ore-ni-kossori-sukaato-no-naka-o-oshiete-kureru_ch1:3:r02,炒,,True,True,0.3024502098560333,True
tight,8,7,tonari-no-seki-no-seijo-sama-wa-ore-ni-kossori-sukaato-no-naka-o-oshiete-kureru_ch1:5:r00,をし手なくことしないなのだ,をし手なくことしないなのだ,False,False,0.0,False
tight,8,7,tonari-no-seki-no-seijo-sama-wa-ore-ni-kossori-sukaato-no-naka-o-oshiete-kureru_ch1:18:r02,そんな題は!,バそんな題は！,True,True,0.27981898188591003,True
tight,16,0,fixture:blank,,,False,False,0.0,False
tight,16,0,fixture:black,,,False,False,0.0,False
tight,16,0,fixture:gradient,,,False,False,0.0,False
tight,16,0,fixture:checker,串零串零琴零,串零串零琴零,False,False,0.0,False
tight,16,0,ore-ni-trauma-wo-ataeta-joshitachi-ga-chirachira-mitekuru-kedo-zannen-desu-ga-teokure-desu_ch16:5:r03,济,,True,True,0.32361358404159546,True
tight,16,0,ore-ni-trauma-wo-ataeta-joshitachi-ga-chirachira-mitekuru-kedo-zannen-desu-ga-teokure-desu_ch16:5:r05,洪,法,True,True,0.643324613571167,True
tight,16,0,ore-ni-trauma-wo-ataeta-joshitachi-ga-chirachira-mitekuru-kedo-zannen-desu-ga-teokure-desu_ch16:7:r03,,,False,True,0.3441953659057617,True
tight,16,0,ore-ni-trauma-wo-ataeta-joshitachi-ga-chirachira-mitekuru-kedo-zannen-desu-ga-teokure-desu_ch16:7:r13,肺市,肺,True,True,0.43556728959083557,True
tight,16,0,ore-ni-trauma-wo-ataeta-joshitachi-ga-chirachira-mitekuru-kedo-zannen-desu-ga-teokure-desu_ch16:7:r15,胚茶,胚,True,True,0.45409634709358215,True
tight,16,0,ore-ni-trauma-wo-ataeta-joshitachi-ga-chirachira-mitekuru-kedo-zannen-desu-ga-teokure-desu_ch16:7:r17,洪,,True,True,0.6146646738052368,True
tight,16,0,ore-ni-trauma-wo-ataeta-joshitachi-ga-chirachira-mitekuru-kedo-zannen-desu-ga-teokure-desu_ch16:10:r04,虹,灯,True,True,0.28052955865859985,True
tight,16,0,ore-ni-trauma-wo-ataeta-joshitachi-ga-chirachira-mitekuru-kedo-zannen-desu-ga-teokure-desu_ch16:17:r01,5,5,False,True,0.32758215069770813,True
tight,16,0,ore-ni-trauma-wo-ataeta-joshitachi-ga-chirachira-mitekuru-kedo-zannen-desu-ga-teokure-desu_ch16:20:r08,急,看,True,True,0.3737359941005707,True
tight,16,1,ore-ni-trauma-wo-ataeta-joshitachi-ga-chirachira-mitekuru-kedo-zannen-desu-ga-teokure-desu_ch16:2:r02,,,False,True,0.353396475315094,True
tight,16,1,ore-ni-trauma-wo-ataeta-joshitachi-ga-chirachira-mitekuru-kedo-zannen-desu-ga-teokure-desu_ch16:3:r06,どうか,どうか,False,True,0.034272968769073486,True
tight,16,1,ore-ni-trauma-wo-ataeta-joshitachi-ga-chirachira-mitekuru-kedo-zannen-desu-ga-teokure-desu_ch16:5:r04,,,False,True,0.3960861265659332,True
tight,16,1,ore-ni-trauma-wo-ataeta-joshitachi-ga-chirachira-mitekuru-kedo-zannen-desu-ga-teokure-desu_ch16:7:r05,絕織寺,絕織寺,False,True,0.25623854994773865,True
tight,16,1,ore-ni-trauma-wo-ataeta-joshitachi-ga-chirachira-mitekuru-kedo-zannen-desu-ga-teokure-desu_ch16:7:r18,一ん？,一ん？,False,False,0.0,False
tight,16,1,ore-ni-trauma-wo-ataeta-joshitachi-ga-chirachira-mitekuru-kedo-zannen-desu-ga-teokure-desu_ch16:8:r00,アンタ…,アンタ…,False,True,0.9671047925949097,True
tight,16,1,ore-ni-trauma-wo-ataeta-joshitachi-ga-chirachira-mitekuru-kedo-zannen-desu-ga-teokure-desu_ch16:8:r04,はい？,はい？,False,True,0.12222334742546082,True
tight,16,1,ore-ni-trauma-wo-ataeta-joshitachi-ga-chirachira-mitekuru-kedo-zannen-desu-ga-teokure-desu_ch16:9:r06,駄目です,賢目です,True,True,0.29531610012054443,True
tight,16,1,ore-ni-trauma-wo-ataeta-joshitachi-ga-chirachira-mitekuru-kedo-zannen-desu-ga-teokure-desu_ch16:9:r08,だ…,だ…,False,True,0.08538568019866943,True
tight,16,2,ore-ni-trauma-wo-ataeta-joshitachi-ga-chirachira-mitekuru-kedo-zannen-desu-ga-teokure-desu_ch16:1:r00,母さん？,母さん？,False,True,0.018626809120178223,True
tight,16,2,ore-ni-trauma-wo-ataeta-joshitachi-ga-chirachira-mitekuru-kedo-zannen-desu-ga-teokure-desu_ch16:2:r00,えっと…,えっと…,False,True,0.21852421760559082,True
tight,16,2,ore-ni-trauma-wo-ataeta-joshitachi-ga-chirachira-mitekuru-kedo-zannen-desu-ga-teokure-desu_ch16:2:r01,離い夢でも見た？,離い夢でも見た？,False,False,0.0,False
tight,16,2,ore-ni-trauma-wo-ataeta-joshitachi-ga-chirachira-mitekuru-kedo-zannen-desu-ga-teokure-desu_ch16:2:r03,誰いいの,彼いいのそ,True,True,0.3022525906562805,True
tight,16,2,ore-ni-trauma-wo-ataeta-joshitachi-ga-chirachira-mitekuru-kedo-zannen-desu-ga-teokure-desu_ch16:2:r05,ちょっとね,ちょっとね…,True,True,0.5012158155441284,True
tight,16,2,ore-ni-trauma-wo-ataeta-joshitachi-ga-chirachira-mitekuru-kedo-zannen-desu-ga-teokure-desu_ch16:2:r06,不まをまかあって,本なそうあっん,True,True,0.5109151601791382,True
tight,16,2,ore-ni-trauma-wo-ataeta-joshitachi-ga-chirachira-mitekuru-kedo-zannen-desu-ga-teokure-desu_ch16:2:r07,一新にいれな,「楽いでを,True,True,0.2981244623661041,True
tight,16,2,ore-ni-trauma-wo-ataeta-joshitachi-ga-chirachira-mitekuru-kedo-zannen-desu-ga-teokure-desu_ch16:2:r08,寒がいるたち,がいるたら,True,True,0.39640289545059204,True
tight,16,3,ore-ni-trauma-wo-ataeta-joshitachi-ga-chirachira-mitekuru-kedo-zannen-desu-ga-teokure-desu_ch16:1:r01,離れないで,離れないで,False,True,0.09898167848587036,True
tight,16,3,ore-ni-trauma-wo-ataeta-joshitachi-ga-chirachira-mitekuru-kedo-zannen-desu-ga-teokure-desu_ch16:2:r04,おチトビの,おチトビの…,True,True,0.208985835313797,True
tight,16,3,ore-ni-trauma-wo-ataeta-joshitachi-ga-chirachira-mitekuru-kedo-zannen-desu-ga-teokure-desu_ch16:3:r03,私はをまない,そこをあさっ。,True,True,0.4033023416996002,True
tight,16,3,ore-ni-trauma-wo-ataeta-joshitachi-ga-chirachira-mitekuru-kedo-zannen-desu-ga-teokure-desu_ch16:3:r05,,,False,True,0.17559993267059326,True
tight,16,3,ore-ni-trauma-wo-ataeta-joshitachi-ga-chirachira-mitekuru-kedo-zannen-desu-ga-teokure-desu_ch16:3:r07,どうかこのまま,どうかこのまま,False,False,0.0,False
tight,16,3,ore-ni-trauma-wo-ataeta-joshitachi-ga-chirachira-mitekuru-kedo-zannen-desu-ga-teokure-desu_ch16:4:r00,無工,ET,True,True,0.6436970233917236,True
tight,16,3,ore-ni-trauma-wo-ataeta-joshitachi-ga-chirachira-mitekuru-kedo-zannen-desu-ga-teokure-desu_ch16:5:r00,華是雙以會是是一,華を間を進のそ,True,True,0.969955563545227,True
tight,16,3,ore-ni-trauma-wo-ataeta-joshitachi-ga-chirachira-mitekuru-kedo-zannen-desu-ga-teokure-desu_ch16:5:r01,,,False,True,0.37171614170074463,True
tight,16,4,ore-ni-trauma-wo-ataeta-joshitachi-ga-chirachira-mitekuru-kedo-zannen-desu-ga-teokure-desu_ch16:7:r09,以载天使修高,截天使修璃,True,True,0.8716620206832886,True
tight,16,4,ore-ni-trauma-wo-ataeta-joshitachi-ga-chirachira-mitekuru-kedo-zannen-desu-ga-teokure-desu_ch16:32:r01,はっだと,っっ,True,True,0.3831315040588379,True
tight,16,4,tonari-no-seki-no-seijo-sama-wa-ore-ni-kossori-sukaato-no-naka-o-oshiete-kureru_ch1:1:r01,新連載,新連載,False,True,0.0070629119873046875,True
tight,16,4,tonari-no-seki-no-seijo-sama-wa-ore-ni-kossori-sukaato-no-naka-o-oshiete-kureru_ch1:1:r03,もが長りるるような,もがでりるような,True,True,0.5509466528892517,True
tight,16,4,tonari-no-seki-no-seijo-sama-wa-ore-ni-kossori-sukaato-no-naka-o-oshiete-kureru_ch1:2:r03,原作小說1卷巻8月8日発壳！,原作小說1卷巻8月8日発壳！,False,False,0.0,False
tight,16,4,tonari-no-seki-no-seijo-sama-wa-ore-ni-kossori-sukaato-no-naka-o-oshiete-kureru_ch1:3:r00,西,,True,True,0.7238671183586121,True
tight,16,4,tonari-no-seki-no-seijo-sama-wa-ore-ni-kossori-sukaato-no-naka-o-oshiete-kureru_ch1:4:r03,,重まをま,True,True,0.7536231279373169,True
tight,16,4,tonari-no-seki-no-seijo-sama-wa-ore-ni-kossori-sukaato-no-naka-o-oshiete-kureru_ch1:4:r05,彼い。,,True,True,0.8799466490745544,True
tight,16,5,ore-ni-trauma-wo-ataeta-joshitachi-ga-chirachira-mitekuru-kedo-zannen-desu-ga-teokure-desu_ch16:24:r06,これは戒めだから,これは戒めだから,False,True,0.004039764404296875,True
tight,16,5,tonari-no-seki-no-seijo-sama-wa-ore-ni-kossori-sukaato-no-naka-o-oshiete-kureru_ch1:1:r02,麗しき彼原し事が？,麗しき彼し事が？,True,True,0.6090992093086243,True
tight,16,5,tonari-no-seki-no-seijo-sama-wa-ore-ni-kossori-sukaato-no-naka-o-oshiete-kureru_ch1:3:r01,る女の秘密全純修ラクトメ！,る女の秘密全ん修ラクトメ！,True,True,0.12698733806610107,True
tight,16,5,tonari-no-seki-no-seijo-sama-wa-ore-ni-kossori-sukaato-no-naka-o-oshiete-kureru_ch1:3:r02,炒,,True,True,0.3024502098560333,True
tight,16,5,tonari-no-seki-no-seijo-sama-wa-ore-ni-kossori-sukaato-no-naka-o-oshiete-kureru_ch1:5:r00,をし手なくことしないなのだ,をし手なくことしないなのだ,False,False,0.0,False
tight,16,5,tonari-no-seki-no-seijo-sama-wa-ore-ni-kossori-sukaato-no-naka-o-oshiete-kureru_ch1:18:r02,そんな題は!,バそんな題は！,True,True,0.27981898188591003,True
