width_mode,batch_size,batch_index,width_bucket,bucket_counts,crops,batch_width,padding_waste_pct,copy_ms,run_ms,decode_ms,total_ms,per_crop_ms,throughput_crops_s,rss_before_mb,rss_after_mb,rss_peak_delta_mb,text_mismatch_count,token_mismatch_count,max_logit_abs_diff
bucketed,1,0,<=96,"{""<=96"": 1}",1,640,85.0,0.1126,766.1525,16.793,783.1814,783.1814,1.2768433979662948,142.0859375,142.22265625,0.109375,0,0,0.0
bucketed,1,1,<=96,"{""<=96"": 1}",1,640,85.0,0.1551,807.2784,2.4056,810.0055,810.0055,1.2345595184230231,147.94921875,154.828125,6.8984375,0,0,0.0
bucketed,1,2,<=96,"{""<=96"": 1}",1,640,85.0,0.154,698.2505,12.7049,711.2916,711.2916,1.4058931667406167,160.5390625,160.5390625,0.01953125,0,0,0.0
bucketed,1,3,<=96,"{""<=96"": 1}",1,640,85.0,0.2851,667.388,12.3362,680.2363,680.2363,1.470077383403385,166.25,166.25,0.01953125,0,0,0.0
bucketed,1,4,<=96,"{""<=96"": 1}",1,640,94.84375,0.2553,785.5771,23.1859,809.2703,809.2703,1.235681082080981,171.9609375,171.9765625,0.01953125,0,0,0.0
bucketed,1,5,<=96,"{""<=96"": 1}",1,640,94.84375,0.1405,852.7899,10.4788,863.5397,863.5397,1.1580243502412222,177.671875,177.6875,0.01953125,0,0,0.0
bucketed,1,6,<=96,"{""<=96"": 1}",1,640,94.84375,0.1642,843.9864,14.6659,858.9983,858.9983,1.1641466577989736,183.3828125,183.3828125,0.01953125,0,0,0.0
bucketed,1,7,<=96,"{""<=96"": 1}",1,640,93.125,0.1423,831.9923,25.8359,858.125,858.125,1.1653313911143481,189.09375,189.109375,0.01953125,0,0,0.0
bucketed,1,8,<=96,"{""<=96"": 1}",1,640,93.59375,0.1557,885.2729,35.1859,920.7823,920.7823,1.0860330395143347,194.8046875,194.8046875,0.01953125,0,0,0.0
bucketed,1,9,<=96,"{""<=96"": 1}",1,640,95.0,0.1463,946.8644,15.5902,962.7526,962.7526,1.0386884439470743,200.515625,200.5234375,0.01953125,0,0,0.0
bucketed,1,10,<=96,"{""<=96"": 1}",1,640,94.21875,0.1696,1000.8552,14.6393,1015.8471,1015.8471,0.9844001129697569,206.2265625,206.2421875,0.01953125,0,0,0.0
bucketed,1,11,<=96,"{""<=96"": 1}",1,640,94.53125,0.2415,1071.231,55.6048,1127.2758,1127.2758,0.8870943561460294,211.9375,211.953125,0.01953125,0,0,0.0
bucketed,1,12,<=96,"{""<=96"": 1}",1,640,94.375,0.4942,1023.8418,29.256,1053.8237,1053.8237,0.9489253278323501,217.6484375,217.6640625,0.01953125,0,0,0.0
bucketed,1,13,<=160,"{""<=160"": 1}",1,640,94.84375,0.2108,774.058,17.3077,791.7147,791.7147,1.2630812589434048,223.359375,223.375,0.01953125,0,0,0.0
bucketed,1,14,<=160,"{""<=160"": 1}",1,640,88.125,0.128,835.1013,13.2195,848.5749,848.5749,1.1784463575342614,229.0703125,229.0703125,0.01953125,0,0,0.0
bucketed,1,15,<=160,"{""<=160"": 1}",1,640,95.0,0.2611,888.9853,16.7943,906.243,906.243,1.1034567991145863,234.78125,234.796875,0.01953125,0,0,0.0
bucketed,1,16,<=160,"{""<=160"": 1}",1,640,86.09375,0.2586,752.0871,20.6481,773.2931,773.2931,1.2931707265977157,240.4921875,240.5078125,0.01953125,0,0,0.0
bucketed,1,17,<=160,"{""<=160"": 1}",1,640,84.375,0.147,633.8954,22.0116,656.1989,656.1989,1.5239281870176862,246.203125,246.21875,0.01953125,0,0,0.0
bucketed,1,18,<=160,"{""<=160"": 1}",1,640,85.625,0.1847,645.3847,14.6354,660.3346,660.3346,1.5143837684713175,251.9140625,251.9296875,0.01953125,0,0,0.0
bucketed,1,19,<=160,"{""<=160"": 1}",1,640,86.71875,0.2505,577.8333,12.6966,590.9738,590.9738,1.6921223918894543,257.625,257.625,0.01953125,0,0,0.0
bucketed,1,20,<=160,"{""<=160"": 1}",1,640,86.25,0.2523,575.0152,8.2992,583.7902,583.7902,1.712944136438056,263.3359375,263.3359375,0.01953125,0,0,0.0
bucketed,1,21,<=160,"{""<=160"": 1}",1,640,86.40625,0.1365,536.8045,13.3144,550.406,550.406,1.816840659440486,269.046875,269.046875,0.01953125,0,0,0.0
bucketed,1,22,<=256,"{""<=256"": 1}",1,640,86.5625,0.2584,840.0851,20.4776,861.036,861.036,1.1613916259018207,274.7578125,274.7578125,0.01953125,0,0,0.0
bucketed,1,23,<=256,"{""<=256"": 1}",1,640,85.78125,0.3615,877.5042,19.6133,897.8405,897.8405,1.1137835729174614,280.46875,280.484375,0.01953125,0,0,0.0
bucketed,1,24,<=256,"{""<=256"": 1}",1,640,82.8125,0.1305,716.0716,22.1103,738.4508,738.4508,1.354186358793301,286.1796875,286.1953125,0.01953125,0,0,0.0
bucketed,1,25,<=256,"{""<=256"": 1}",1,640,84.375,0.1806,695.3519,27.3292,723.0069,723.0069,1.383112664623256,291.890625,291.90625,0.01953125,0,0,0.0
bucketed,1,26,<=256,"{""<=256"": 1}",1,640,84.53125,0.1259,945.3853,18.7397,964.3796,964.3796,1.0369360778680925,297.6015625,297.6171875,0.01953125,0,0,0.0
bucketed,1,27,<=256,"{""<=256"": 1}",1,640,86.71875,0.1396,825.2782,11.1016,836.6877,836.6877,1.1951890771192168,303.3515625,303.3515625,0.01953125,0,0,0.0
bucketed,1,28,<=256,"{""<=256"": 1}",1,640,87.1875,0.2045,616.0118,16.5046,632.8843,632.8843,1.5800676363752426,309.0625,309.0625,0.01953125,0,0,0.0
bucketed,1,29,<=256,"{""<=256"": 1}",1,640,86.5625,0.1414,723.3658,15.0267,738.7131,738.7131,1.353705518421157,314.7734375,314.83203125,0.078125,0,0,0.0
bucketed,1,30,<=384,"{""<=384"": 1}",1,640,85.15625,0.1337,596.7619,7.8311,604.856,604.856,1.6532860713955058,320.54296875,320.54296875,0.01953125,0,0,0.0
bucketed,1,31,<=384,"{""<=384"": 1}",1,640,82.34375,0.3041,656.9457,2.0413,659.5256,659.5256,1.516241371070357,326.25390625,326.25390625,0.01953125,0,0,0.0
bucketed,1,32,<=384,"{""<=384"": 1}",1,640,85.9375,0.2435,654.7451,3.4282,658.6193,658.6193,1.5183278109220306,331.96484375,331.96484375,0.01953125,0,0,0.0
bucketed,1,33,<=384,"{""<=384"": 1}",1,640,87.96875,0.1225,725.0924,7.3035,732.6575,732.6575,1.3648942377577515,337.67578125,337.69140625,0.01953125,0,0,0.0
bucketed,1,34,<=384,"{""<=384"": 1}",1,640,81.5625,0.1583,594.2357,7.4195,601.9681,601.9681,1.6612175960819187,343.38671875,343.39453125,0.01953125,0,0,0.0
bucketed,1,35,<=384,"{""<=384"": 1}",1,640,87.03125,0.1828,493.5665,13.0553,506.9891,506.9891,1.9724289930493575,349.09765625,349.11328125,0.01953125,0,0,0.0
bucketed,1,36,<=384,"{""<=384"": 1}",1,640,85.78125,0.1716,634.6454,8.7116,643.6854,643.6854,1.5535539566378234,354.80859375,354.82421875,0.01953125,0,0,0.0
bucketed,1,37,<=384,"{""<=384"": 1}",1,640,86.875,0.1319,570.5943,9.3722,580.2381,580.2381,1.7234304331273662,360.51953125,360.51953125,0.01953125,0,0,0.0
bucketed,1,38,<=512,"{""<=512"": 1}",1,640,77.5,0.1074,457.8028,10.0517,468.077,468.077,2.1364006349382687,366.23046875,366.23046875,0.01953125,0,0,0.0
bucketed,1,39,<=512,"{""<=512"": 1}",1,640,82.5,0.1701,732.7311,12.6014,745.6819,745.6819,1.3410544093936034,371.94140625,371.95703125,0.01953125,0,0,0.0
bucketed,1,40,<=512,"{""<=512"": 1}",1,640,81.25,0.1711,578.7417,8.8618,587.9191,587.9191,1.700914292459626,377.65234375,377.66796875,0.01953125,0,0,0.0
bucketed,1,41,<=512,"{""<=512"": 1}",1,640,78.28125,0.1831,540.1377,2.4144,542.8874,542.8874,1.8420025957500583,383.36328125,383.36328125,0.01953125,0,0,0.0
bucketed,1,42,<=512,"{""<=512"": 1}",1,640,53.28125,0.2534,524.0174,12.2583,536.7402,536.7402,1.863098758021106,389.07421875,389.08203125,0.01953125,0,0,0.0
bucketed,1,43,<=512,"{""<=512"": 1}",1,640,87.8125,0.1577,634.7575,29.8008,664.8802,664.8802,1.5040303501292416,394.78515625,394.80078125,0.01953125,0,0,0.0
bucketed,1,44,<=512,"{""<=512"": 1}",1,640,75.9375,0.143,673.3601,2.6124,676.2427,676.2427,1.4787590313359391,400.49609375,400.49609375,0.01953125,0,0,0.0
bucketed,1,45,<=512,"{""<=512"": 1}",1,640,80.3125,0.1584,453.9427,10.045,464.3033,464.3033,2.153764575870988,406.20703125,406.20703125,0.01953125,0,0,0.0
bucketed,1,46,>512,"{"">512"": 1}",1,640,67.8125,0.2404,456.5681,11.2039,468.1975,468.1975,2.135850789463848,411.91796875,411.93359375,0.01953125,0,0,0.0
bucketed,1,47,>512,"{"">512"": 1}",1,640,75.0,0.1364,762.6672,15.1138,778.0584,778.0584,1.2852505673096004,417.62890625,417.64453125,0.01953125,0,0,0.0
bucketed,1,48,>512,"{"">512"": 1}",1,640,67.1875,0.1271,673.27,9.8052,683.3415,683.3415,1.4633971447658307,423.33984375,423.35546875,0.01953125,0,0,0.0
bucketed,1,49,>512,"{"">512"": 1}",1,640,89.84375,0.1291,591.228,8.8649,600.3819,600.3819,1.6656065081242455,429.05078125,429.05078125,0.01953125,0,0,0.0
bucketed,1,50,>512,"{"">512"": 1}",1,640,66.09375,0.3251,869.7394,26.9961,897.3251,897.3251,1.1144233009864541,434.76171875,434.77734375,0.01953125,0,0,0.0
bucketed,1,51,>512,"{"">512"": 1}",1,640,77.34375,0.1719,1027.1755,58.1265,1085.6507,1085.6507,0.9211065769128137,440.47265625,440.48828125,0.01953125,0,0,0.0
bucketed,2,0,<=96,"{""<=96"": 2}",2,640,85.0,0.2851,1381.9906,41.6027,1424.1024,712.0512,1.4043933919358609,447.1640625,471.56640625,24.40625,0,0,0.0
bucketed,2,1,<=96,"{""<=96"": 2}",2,640,85.0,0.276,1628.2045,32.9448,1661.8915,830.94575,1.2034479988615383,471.55078125,497.4296875,25.8984375,0,0,0.0
bucketed,2,2,<=96,"{""<=96"": 2}",2,640,94.84375,0.3029,1780.2904,35.2962,1816.1039,908.05195,1.101258578873158,497.4296875,497.4453125,0.01953125,0,0,0.0
bucketed,2,3,<=96,"{""<=96"": 2}",2,640,93.984375,0.6271,1100.9158,44.0034,1145.7939,572.89695,1.7455146165466584,497.4296875,497.4296875,0.01953125,0,0,0.0
bucketed,2,4,<=96,"{""<=96"": 2}",2,640,94.296875,0.6427,1619.1842,35.4481,1655.7605,827.88025,1.2079041624679414,497.4296875,497.4453125,0.01953125,0,0,0.0
bucketed,2,5,<=96,"{""<=96"": 2}",2,640,94.375,0.355,1507.2971,14.8135,1522.7242,761.3621,1.3134354862160855,497.3828125,497.3828125,0.01953125,0,0,0.0
bucketed,2,6,<=96,"{""<=96"": 1}",1,640,94.375,0.1635,879.9987,13.4245,893.9447,893.9447,1.1186374280198763,497.3828125,497.734375,0.37109375,0,0,0.0
bucketed,2,7,<=160,"{""<=160"": 2}",2,640,91.484375,0.6568,1262.3431,64.6796,1327.916,663.958,1.5061193629717544,497.734375,497.75,0.01953125,0,0,0.0
bucketed,2,8,<=160,"{""<=160"": 2}",2,640,90.546875,0.4522,1086.3022,35.4456,1122.4316,561.2158,1.7818457712701605,497.734375,497.75,0.01953125,0,0,0.0
bucketed,2,9,<=160,"{""<=160"": 2}",2,640,85.0,0.4145,1183.8848,54.8125,1239.3367,619.66835,1.6137664607204807,497.734375,497.75,0.01953125,0,0,0.0
bucketed,2,10,<=160,"{""<=160"": 2}",2,640,86.484375,0.3373,1171.3967,47.1172,1219.0554,609.5277,1.6406145282650813,497.734375,497.78125,0.05078125,0,0,0.0
bucketed,2,11,<=160,"{""<=160"": 1}",1,640,86.40625,0.1475,1035.9368,19.7408,1055.9472,1055.9472,0.947017047822088,497.765625,497.765625,0.01953125,0,0,0.0
bucketed,2,12,<=256,"{""<=256"": 2}",2,640,86.171875,0.881,1565.1215,50.2101,1616.7163,808.35815,1.2370754225710472,497.765625,497.78125,0.01953125,0,0,0.0
bucketed,2,13,<=256,"{""<=256"": 2}",2,640,83.59375,0.6621,2152.663,61.3458,2215.046,1107.523,0.9029157859475606,497.765625,497.82421875,0.078125,0,0,0.0
bucketed,2,14,<=256,"{""<=256"": 2}",2,640,85.625,0.6229,1630.9119,39.7603,1671.6313,835.81565,1.1964360801332208,497.82421875,497.82421875,0.01953125,0,0,0.0
bucketed,2,15,<=256,"{""<=256"": 2}",2,640,86.875,0.66,1331.3526,53.9528,1386.2766,693.1383,1.442713524847783,497.82421875,497.83984375,0.01953125,0,0,0.0
bucketed,2,16,<=384,"{""<=384"": 2}",2,640,83.75,0.4862,1728.7246,42.9992,1772.4988,886.2494,1.1283505523388788,497.82421875,497.83984375,0.01953125,0,0,0.0
bucketed,2,17,<=384,"{""<=384"": 2}",2,640,86.953125,0.6049,1847.9985,33.5217,1882.5017,941.25085,1.062416039252448,497.82421875,497.83984375,0.01953125,0,0,0.0
bucketed,2,18,<=384,"{""<=384"": 2}",2,640,84.296875,0.3159,1156.9805,32.3116,1189.8428,594.9214,1.6808943164592838,497.82421875,497.83984375,0.01953125,0,0,0.0
bucketed,2,19,<=384,"{""<=384"": 2}",2,640,86.328125,0.3147,836.398,27.4027,864.2915,432.14575,2.3140340961353894,497.82421875,497.83984375,0.01953125,0,0,0.0
bucketed,2,20,<=512,"{""<=512"": 2}",2,640,80.0,0.3779,892.5127,24.5278,917.6351,458.81755,2.1795155830460278,497.82421875,497.82421875,0.01953125,0,0,0.0
bucketed,2,21,<=512,"{""<=512"": 2}",2,640,79.765625,0.3933,1121.2721,13.3815,1135.2826,567.6413,1.7616759034270408,497.82421875,497.83984375,0.01953125,0,0,0.0
bucketed,2,22,<=512,"{""<=512"": 2}",2,640,70.546875,0.3307,1483.5103,28.4038,1512.4384,756.2192,1.3223679060251314,497.82421875,497.83984375,0.01953125,0,0,0.0
bucketed,2,23,<=512,"{""<=512"": 2}",2,640,78.125,0.3037,1290.0658,35.7819,1326.3285,663.16425,1.5079220570167948,497.82421875,497.83984375,0.01953125,0,0,0.0
bucketed,2,24,>512,"{"">512"": 2}",2,640,71.40625,0.4047,956.53,30.5134,987.9865,493.99325,2.0243191582071214,497.82421875,497.82421875,0.01953125,0,0,0.0
bucketed,2,25,>512,"{"">512"": 2}",2,640,78.515625,0.37,1008.8902,26.2542,1036.0519,518.02595,1.9304052239081846,497.82421875,497.82421875,0.01953125,0,0,0.0
bucketed,2,26,>512,"{"">512"": 2}",2,640,71.71875,0.3171,1283.2258,35.8086,1319.5782,659.7891,1.5156358296916392,497.82421875,497.83984375,0.01953125,0,0,0.0
bucketed,4,0,<=96,"{""<=96"": 4}",4,640,85.0,0.6448,2136.8566,74.654,2213.1943,553.298575,1.8073424461648036,494.62890625,496.1484375,1.5234375,0,0,0.0
bucketed,4,1,<=96,"{""<=96"": 4}",4,640,94.4140625,0.7399,2490.2859,72.9589,2565.1556,641.2889,1.5593595959636912,496.1328125,546.1171875,50.00390625,0,0,0.0
bucketed,4,2,<=96,"{""<=96"": 4}",4,640,94.3359375,0.5805,2998.2302,97.0449,3097.5828,774.3957,1.291329484396672,546.1171875,546.1328125,1.4296875,0,0,0.0
bucketed,4,3,<=96,"{""<=96"": 1}",1,640,94.375,0.1509,1243.1462,14.8948,1259.2825,1259.2825,0.794102991187442,546.1171875,545.0703125,0.3671875,0,0,0.0
bucketed,4,4,<=160,"{""<=160"": 4}",4,640,91.015625,1.266,2103.4021,92.3839,2198.2285,549.557125,1.8196470476112923,545.0546875,546.48046875,1.4296875,0,0,0.0
bucketed,4,5,<=160,"{""<=160"": 4}",4,640,85.7421875,1.0953,3336.2029,191.1727,3530.1853,882.546325,1.1330849969830195,546.46484375,546.48046875,1.4296875,0,0,0.0
bucketed,4,6,<=160,"{""<=160"": 1}",1,640,86.40625,0.1456,1123.5535,18.309,1142.5085,1142.5085,0.8752670111425868,546.46484375,545.0546875,0.01953125,0,0,0.0
bucketed,4,7,<=256,"{""<=256"": 4}",4,640,84.8828125,0.6682,2851.386,84.3453,2937.4334,734.35835,1.3617330013337494,545.0546875,546.47265625,1.4296875,0,0,0.0
bucketed,4,8,<=256,"{""<=256"": 4}",4,640,86.25,12.3341,2623.9288,112.7654,2751.4049,687.851225,1.4538027463714993,546.46484375,546.48046875,1.4296875,0,0,0.0
bucketed,4,9,<=384,"{""<=384"": 4}",4,640,85.3515625,0.5157,2848.3819,95.5527,2945.8389,736.459725,1.3578475048313063,546.46484375,546.48046875,1.4296875,0,0,0.0
bucketed,4,10,<=384,"{""<=384"": 4}",4,640,85.3125,16.5366,2614.4358,93.7028,2727.0622,681.76555,1.4667798922958195,546.46484375,546.48046875,1.4296875,0,0,0.0
bucketed,4,11,<=512,"{""<=512"": 4}",4,640,79.8828125,0.6913,2637.5441,109.9714,2749.5549,687.388725,1.4547809174495843,546.46875,514.46875,1.4296875,0,0,0.0
bucketed,4,12,<=512,"{""<=512"": 4}",4,640,74.3359375,0.7772,3498.4027,81.322,3581.7489,895.437225,1.1167728703706727,514.46875,514.484375,1.4296875,0,0,0.0
bucketed,4,13,>512,"{"">512"": 4}",4,640,74.9609375,0.7158,2046.6018,91.7561,2141.3604,535.3401,1.8679714073352622,514.48046875,514.51171875,1.4609375,0,0,0.0
bucketed,4,14,>512,"{"">512"": 2}",2,640,71.71875,0.3469,1116.4728,42.9492,1160.2853,580.14265,1.723713986551411,514.51171875,513.10546875,0.0234375,0,0,0.0
bucketed,8,0,<=96,"{""<=96"": 8}",8,640,89.70703125,9.5508,2679.119,183.8525,2874.1499,359.2687375,2.7834317201061785,512.65234375,538.8984375,26.25,0,0,0.0
bucketed,8,1,<=96,"{""<=96"": 5}",5,640,94.34375,0.7412,3975.2501,165.5456,4143.1872,828.6374400000001,1.2068004071841116,538.890625,527.1953125,6.328125,0,0,0.0
bucketed,8,2,<=160,"{""<=160"": 8}",8,640,88.37890625,1.6636,4311.74,318.8719,4652.5339,581.5667375,1.7194931132043978,527.1875,575.06640625,49.6484375,0,0,0.0
bucketed,8,3,<=160,"{""<=160"": 1}",1,640,86.40625,0.2532,1285.0001,34.4058,1320.8504,1320.8504,0.7570880093612418,575.05859375,572.62109375,0.3828125,0,0,0.0
bucketed,8,4,<=256,"{""<=256"": 8}",8,640,85.56640625,27.0574,5030.7559,214.652,5274.3517,659.2939625,1.5167740899796271,572.60546875,575.4296875,2.84375,0,0,0.0
bucketed,8,5,<=384,"{""<=384"": 8}",8,640,85.33203125,11.1851,5215.5958,325.7069,5556.1961,694.5245125,1.4398339900206185,575.43359375,629.140625,54.30859375,0,0,0.0
bucketed,8,6,<=512,"{""<=512"": 8}",8,640,77.109375,14.624,4898.0492,238.4135,5154.3257,644.2907125,1.5520943893786145,629.125,629.14453125,2.83984375,0,0,0.0
bucketed,8,7,>512,"{"">512"": 6}",6,640,73.88020833333333,24.6061,3043.6429,129.1045,3200.3662,533.3943666666667,1.8747854542395805,629.140625,628.68359375,2.375,0,0,0.0
bucketed,16,0,<=96,"{""<=96"": 13}",13,640,91.49038461538461,12.8863,5999.1224,318.9244,6367.9806,489.84466153846154,2.041463505714826,627.9921875,683.78125,57.8984375,0,0,0.0
bucketed,16,1,<=160,"{""<=160"": 9}",9,640,88.15972222222223,16.8941,5554.9195,232.5916,5808.0927,645.3436333333334,1.5495620446967038,683.76953125,682.48828125,3.3125,0,0,0.0
bucketed,16,2,<=256,"{""<=256"": 8}",8,640,85.56640625,2.7106,3681.7011,174.3614,3875.454,484.43175,2.0642742759945025,682.48828125,682.15625,2.83984375,0,0,0.0
bucketed,16,3,<=384,"{""<=384"": 8}",8,640,85.33203125,10.0733,4931.4245,247.1464,5200.3428,650.04285,1.5383601250286807,682.15625,682.1796875,2.84375,0,0,0.0
bucketed,16,4,<=512,"{""<=512"": 8}",8,640,77.109375,23.476,5794.297,213.1954,6083.0833,760.3854125,1.3151225464888834,682.16796875,682.18359375,2.8359375,0,0,0.0
bucketed,16,5,>512,"{"">512"": 6}",6,640,73.88020833333333,17.2099,2817.004,97.6001,2945.0597,490.8432833333333,2.0373101434921677,682.16796875,681.48046875,2.1328125,0,0,0.0
tight,1,0,<=96,"{""<=96"": 1}",1,96,0.0,0.0325,225.3171,9.1906,235.0697,235.0697,4.254057413609665,376.34765625,372.91015625,0.12109375,0,0,0.0
tight,1,1,<=96,"{""<=96"": 1}",1,96,0.0,0.0543,154.2352,0.6055,155.1737,155.1737,6.4443910276032605,368.04296875,368.11328125,0.07421875,0,0,0.0
tight,1,2,<=96,"{""<=96"": 1}",1,96,0.0,0.0485,176.6429,0.4028,177.2348,177.2348,5.6422327894973225,370.67578125,370.6796875,0.0234375,0,0,0.0
tight,1,3,<=96,"{""<=96"": 1}",1,96,0.0,0.0342,159.84,1.1495,161.1158,161.1158,6.206715914888546,370.671875,370.6796875,0.01953125,0,0,0.0
tight,1,4,<=96,"{""<=96"": 1}",1,33,0.0,0.019,130.0923,1.0463,131.2665,131.2665,7.618089916315282,370.67578125,370.734375,0.0390625,0,0,0.0
tight,1,5,<=96,"{""<=96"": 1}",1,33,0.0,0.0291,99.9095,0.3029,100.4217,100.4217,9.958007084126239,371.578125,371.59765625,0.0390625,0,0,0.0
tight,1,6,<=96,"{""<=96"": 1}",1,33,0.0,0.0197,132.3957,0.2126,132.7089,132.7089,7.535289645231029,371.8828125,371.90234375,0.0234375,0,0,0.0
tight,1,7,<=96,"{""<=96"": 1}",1,44,0.0,0.0221,155.2395,0.2379,155.6184,155.6184,6.425975334536275,372.17578125,372.19921875,0.04296875,0,0,0.0
tight,1,8,<=96,"{""<=96"": 1}",1,41,0.0,0.0272,116.2619,1.0584,117.4978,117.4978,8.510797648977258,373.26953125,373.30078125,0.046875,0,0,0.0
tight,1,9,<=96,"{""<=96"": 1}",1,32,0.0,0.0233,102.2447,0.4518,102.8702,102.8702,9.720988196776132,373.66015625,373.6953125,0.0390625,0,0,0.0
tight,1,10,<=96,"{""<=96"": 1}",1,37,0.0,0.0427,251.8297,0.3808,252.4299,252.4299,3.961495844985083,373.98046875,374.015625,0.02734375,0,0,0.0
tight,1,11,<=96,"{""<=96"": 1}",1,35,0.0,0.0336,174.4148,0.3602,175.0173,175.0173,5.713720872165208,374.359375,374.3984375,0.0390625,0,0,0.0
tight,1,12,<=96,"{""<=96"": 1}",1,36,0.0,0.0239,64.6359,0.3869,65.1611,65.1611,15.346579477633128,374.66796875,374.703125,0.03515625,0,0,0.0
tight,1,13,<=160,"{""<=160"": 1}",1,33,0.0,0.054,82.3073,0.302,82.7855,82.7855,12.079410041613567,374.703125,374.70703125,0.015625,0,0,0.0
tight,1,14,<=160,"{""<=160"": 1}",1,76,0.0,0.0295,221.2229,12.7027,234.1467,234.1467,4.270826793629805,374.9140625,374.98046875,0.0703125,0,0,0.0
tight,1,15,<=160,"{""<=160"": 1}",1,32,0.0,0.0362,139.8337,0.6513,140.7246,140.7246,7.106078112853047,375.96484375,375.96484375,0.01953125,0,0,0.0
tight,1,16,<=160,"{""<=160"": 1}",1,89,0.0,0.0332,316.2787,0.9218,317.3443,317.3443,3.1511516041094803,375.96484375,375.98828125,0.03125,0,0,0.0
tight,1,17,<=160,"{""<=160"": 1}",1,100,0.0,0.0691,381.1662,0.9233,382.4298,382.4298,2.614858988499327,375.765625,375.8359375,0.08984375,0,0,0.0
tight,1,18,<=160,"{""<=160"": 1}",1,92,0.0,0.0458,300.7169,1.8433,302.729,302.729,3.303284455734337,376.69921875,376.703125,0.01953125,0,0,0.0
tight,1,19,<=160,"{""<=160"": 1}",1,85,0.0,0.0315,297.6432,0.9069,298.7246,298.7246,3.3475649477813345,379.05859375,379.05859375,0.01953125,0,0,0.0
tight,1,20,<=160,"{""<=160"": 1}",1,88,0.0,0.034,183.9052,0.4377,184.4754,184.4754,5.420776970804779,379.84375,379.86328125,0.01953125,0,0,0.0
tight,1,21,<=160,"{""<=160"": 1}",1,87,0.0,0.0362,232.0356,0.4265,232.5893,232.5893,4.299423920188934,380.6328125,380.63671875,0.0234375,0,0,0.0
tight,1,22,<=256,"{""<=256"": 1}",1,86,0.0,0.0362,294.587,0.5158,295.2662,295.2662,3.3867743751231933,381.4296875,381.43359375,0.01953125,0,0,0.0
tight,1,23,<=256,"{""<=256"": 1}",1,91,0.0,0.0317,234.8551,0.8764,235.8763,235.8763,4.23951028568788,382.21875,382.2265625,0.02734375,0,0,0.0
tight,1,24,<=256,"{""<=256"": 1}",1,110,0.0,0.0413,227.5694,17.757,245.4926,245.4926,4.073442539612192,383.01171875,383.05859375,0.03515625,0,0,0.0
tight,1,25,<=256,"{""<=256"": 1}",1,100,0.0,0.0707,323.4707,19.0564,342.831,342.831,2.9168890794589752,384.04296875,384.1015625,0.078125,0,0,0.0
tight,1,26,<=256,"{""<=256"": 1}",1,99,0.0,0.0344,288.0613,0.4972,288.7179,288.7179,3.4635885062893577,384.09765625,384.10546875,0.02734375,0,0,0.0
tight,1,27,<=256,"{""<=256"": 1}",1,85,0.0,0.0357,357.9048,11.8111,369.8814,369.8814,2.7035693062695234,384.96484375,384.98046875,0.01953125,0,0,0.0
tight,1,28,<=256,"{""<=256"": 1}",1,82,0.0,0.0555,243.0857,0.4536,243.7292,243.7292,4.102914217910698,385.75,385.76171875,0.0234375,0,0,0.0
tight,1,29,<=256,"{""<=256"": 1}",1,86,0.0,0.0416,172.6346,0.5006,173.2957,173.2957,5.770483630003515,387.18359375,387.19921875,0.01953125,0,0,0.0
tight,1,30,<=384,"{""<=384"": 1}",1,95,0.0,0.0593,211.2381,0.4333,211.8651,211.8651,4.719984556210532,387.1796875,387.18359375,0.01953125,0,0,0.0
tight,1,31,<=384,"{""<=384"": 1}",1,113,0.0,0.0378,296.7942,0.4496,297.4575,297.4575,3.3618247985006264,388.03515625,388.17578125,0.08203125,0,0,0.0
tight,1,32,<=384,"{""<=384"": 1}",1,90,0.0,0.0346,286.7463,0.4447,287.4098,287.4098,3.4793524785863252,389.16015625,389.1640625,0.0234375,0,0,0.0
tight,1,33,<=384,"{""<=384"": 1}",1,77,0.0,0.0558,209.1123,0.4976,209.811,209.811,4.766194336807889,391.51953125,391.54296875,0.02734375,0,0,0.0
tight,1,34,<=384,"{""<=384"": 1}",1,118,0.0,0.0391,244.3916,15.4331,259.9956,259.9956,3.8462189360127628,392.1015625,392.1171875,0.02734375,0,0,0.0
tight,1,35,<=384,"{""<=384"": 1}",1,83,0.0,0.0295,189.8557,0.4661,190.4701,190.4701,5.250167874117775,393.18359375,393.1875,0.01953125,0,0,0.0
tight,1,36,<=384,"{""<=384"": 1}",1,91,0.0,0.045,183.7771,0.7619,184.7157,184.7157,5.413724983853565,393.90234375,393.9140625,0.01953125,0,0,0.0
tight,1,37,<=384,"{""<=384"": 1}",1,84,0.0,0.0754,312.6003,0.3872,313.2751,313.2751,3.1920826136517073,394.84765625,394.86328125,0.01953125,0,0,0.0
tight,1,38,<=512,"{""<=512"": 1}",1,144,0.0,0.0479,596.1393,26.4799,622.8391,622.8391,1.6055510965833713,395.4921875,395.60546875,0.10546875,0,0,0.0
tight,1,39,<=512,"{""<=512"": 1}",1,112,0.0,0.089,348.7238,0.7967,349.8541,349.8541,2.8583343742434346,396.875,396.875,0.01953125,0,0,0.0
tight,1,40,<=512,"{""<=512"": 1}",1,120,0.0,0.0536,298.8113,0.4988,299.5548,299.5548,3.3382873517633502,397.875,397.890625,0.03515625,0,0,0.0
tight,1,41,<=512,"{""<=512"": 1}",1,139,0.0,0.09,249.5814,3.3192,253.4078,253.4078,3.9462084434654336,398.96484375,399.00390625,0.046875,0,0,0.0
tight,1,42,<=512,"{""<=512"": 1}",1,299,0.0,0.0946,535.1023,19.9864,555.3158,555.3158,1.800777143383999,400.21875,400.2265625,0.02734375,0,0,0.0
tight,1,43,<=512,"{""<=512"": 1}",1,78,0.0,0.0321,262.7117,0.5239,263.3692,263.3692,3.7969512000643966,402.87109375,402.890625,0.01953125,0,0,0.0
tight,1,44,<=512,"{""<=512"": 1}",1,154,0.0,0.0916,462.8024,10.5507,473.8005,473.8005,2.110592960539299,403.58984375,403.58984375,0.01953125,0,0,0.0
tight,1,45,<=512,"{""<=512"": 1}",1,126,0.0,0.0424,751.8155,20.855,772.8241,772.8241,1.2939555068223156,404.94921875,404.96484375,0.01953125,0,0,0.0
tight,1,46,>512,"{"">512"": 1}",1,206,0.0,0.0527,427.0167,0.9023,428.2299,428.2299,2.335194249630864,406.09375,406.265625,0.16796875,0,0,0.0
tight,1,47,>512,"{"">512"": 1}",1,160,0.0,0.0657,452.518,7.5304,460.3501,460.3501,2.172259764905015,408.11328125,408.21484375,0.10546875,0,0,0.0
tight,1,48,>512,"{"">512"": 1}",1,210,0.0,0.1176,776.587,10.9958,788.1316,788.1316,1.2688236330074825,409.6328125,409.78125,0.1484375,0,0,0.0
tight,1,49,>512,"{"">512"": 1}",1,65,0.0,0.0299,165.0636,0.3092,165.5498,165.5498,6.040478454217402,411.625,411.65625,0.05078125,0,0,0.0
tight,1,50,>512,"{"">512"": 1}",1,217,0.0,0.0736,435.4225,10.3436,445.9839,445.9839,2.2422334079772837,411.65625,411.67578125,0.0234375,0,0,0.0
tight,1,51,>512,"{"">512"": 1}",1,145,0.0,0.0968,303.9502,0.6536,304.8512,304.8512,3.2802888753595196,413.58984375,413.59375,0.01953125,0,0,0.0
tight,2,0,<=96,"{""<=96"": 2}",2,96,0.0,0.0594,413.5904,14.3988,428.1951,214.09755,4.670768068107271,416.5,416.5390625,0.03515625,0,0,0.0
tight,2,1,<=96,"{""<=96"": 2}",2,96,0.0,0.0624,434.3538,13.4711,448.0229,224.01145,4.46405752920219,416.5234375,416.54296875,0.0234375,0,0,0.0
tight,2,2,<=96,"{""<=96"": 2}",2,33,0.0,0.0878,141.4583,0.7244,142.5997,71.29985,14.025274947983759,416.52734375,416.546875,0.0234375,0,0,0.0
tight,2,3,<=96,"{""<=96"": 2}",2,44,12.5,0.0344,255.0137,0.483,255.6908,127.8454,7.8219474458995,417.109375,417.109375,0.01953125,0,1,0.19589436054229736
tight,2,4,<=96,"{""<=96"": 2}",2,41,10.97560975609756,0.0363,197.9896,12.445,210.5845,105.29225,9.497375162939344,417.828125,417.84765625,0.01953125,1,1,0.22401994466781616
tight,2,5,<=96,"{""<=96"": 2}",2,37,2.7027027027026973,0.0317,221.0281,0.7343,221.9153,110.95765,9.012447541922526,417.8359375,417.83984375,0.0234375,0,1,0.33660098910331726
tight,2,6,<=96,"{""<=96"": 1}",1,36,0.0,0.0231,95.0121,0.2458,95.3715,95.3715,10.485312698237943,417.83984375,417.83984375,0.01953125,0,0,0.0
tight,2,7,<=160,"{""<=160"": 2}",2,76,28.28947368421053,0.0525,266.7849,1.1289,268.157,134.0785,7.458317329027398,417.83984375,417.859375,0.01953125,1,1,0.3212909400463104
tight,2,8,<=160,"{""<=160"": 2}",2,89,32.02247191011236,0.0436,435.9548,1.8094,437.939,218.9695,4.566846067603022,419.1015625,419.12890625,0.02734375,0,1,0.30996865034103394
tight,2,9,<=160,"{""<=160"": 2}",2,100,4.0000000000000036,0.0677,368.5258,1.0914,369.8121,184.90605,5.408151869557541,418.46875,418.4921875,0.02734375,0,1,0.9671047925949097
tight,2,10,<=160,"{""<=160"": 2}",2,88,1.7045454545454586,0.0578,292.8815,10.0238,303.0916,151.5458,6.5986652219988935,418.4765625,418.5,0.02734375,0,0,0.04689827561378479
tight,2,11,<=160,"{""<=160"": 1}",1,87,0.0,0.0314,202.186,8.5,210.8938,210.8938,4.74172308526851,418.484375,418.5,0.01953125,0,0,0.0
tight,2,12,<=256,"{""<=256"": 2}",2,91,2.7472527472527486,0.0818,271.9618,0.8004,272.9508,136.4754,7.327327855423029,418.484375,418.5078125,0.02734375,0,0,0.025184214115142822
tight,2,13,<=256,"{""<=256"": 2}",2,110,4.545454545454541,0.1587,278.9308,1.4065,280.9167,140.45835,7.119548250424414,418.49609375,418.5,0.0234375,1,1,0.3022525906562805
tight,2,14,<=256,"{""<=256"": 2}",2,99,7.070707070707072,0.0511,235.2497,1.915,237.3268,118.6634,8.427198276806497,418.5,418.51953125,0.01953125,1,1,0.2711032032966614
tight,2,15,<=256,"{""<=256"": 2}",2,86,2.3255813953488413,0.1429,211.3964,7.1647,218.9197,109.45985,9.135769873611192,418.5078125,418.5234375,0.01953125,1,1,0.05744750052690506
tight,2,16,<=384,"{""<=384"": 2}",2,113,7.964601769911505,0.0665,217.318,28.267,245.7733,122.88665,8.137580445068687,418.5078125,418.53125,0.02734375,0,1,0.07415223121643066
tight,2,17,<=384,"{""<=384"": 2}",2,90,7.222222222222219,0.0791,503.1792,3.7608,507.2708,253.6354,3.9426673090585935,418.515625,418.62890625,0.03125,0,1,0.39122283458709717
tight,2,18,<=384,"{""<=384"": 2}",2,118,14.830508474576277,0.0564,441.0352,17.1416,458.4096,229.2048,4.362910375349905,418.62890625,418.63671875,0.02734375,1,1,0.6436970233917236
tight,2,19,<=384,"{""<=384"": 2}",2,91,3.8461538461538436,0.053,337.5671,1.7609,339.5174,169.7587,5.890714290342704,418.63671875,418.66015625,0.02734375,1,1,0.7787196636199951
tight,2,20,<=512,"{""<=512"": 2}",2,144,11.111111111111116,0.0955,569.2984,14.6981,584.2121,292.10605,3.423414201794177,418.64453125,418.671875,0.03125,1,1,0.22578802704811096
tight,2,21,<=512,"{""<=512"": 2}",2,139,6.834532374100721,0.0817,421.7668,1.6942,423.6801,211.84005,4.720542692470097,418.65625,418.66796875,0.03125,0,1,0.020523011684417725
tight,2,22,<=512,"{""<=512"": 2}",2,299,36.95652173913043,0.0951,829.4496,10.392,840.1203,420.06015,2.3806114433849532,418.66796875,419.69921875,1.046875,1,1,0.7238671183586121
tight,2,23,<=512,"{""<=512"": 2}",2,154,9.090909090909093,0.0876,354.848,11.91,367.0018,183.5009,5.449564552544429,419.703125,419.80859375,0.109375,1,1,0.7362939119338989
tight,2,24,>512,"{"">512"": 2}",2,206,11.165048543689316,0.1237,582.0696,26.5579,609.2768,304.6384,3.282580265652656,419.79296875,419.8203125,0.03125,1,1,0.667267918586731
tight,2,25,>512,"{"">512"": 2}",2,210,34.523809523809526,0.1449,890.192,3.0704,893.6597,446.82985,2.237988352837215,419.80859375,419.80859375,0.01953125,1,1,0.19728323817253113
tight,2,26,>512,"{"">512"": 2}",2,217,16.589861751152068,0.1122,881.1399,17.6388,899.0892,449.5446,2.2244733892921857,420.3828125,420.4140625,0.03515625,1,1,0.27981898188591003
tight,4,0,<=96,"{""<=96"": 4}",4,96,0.0,0.1073,1221.8406,25.9496,1248.0658,312.01645,3.2049592257074906,420.4375,420.45703125,0.0234375,0,0,0.0
tight,4,1,<=96,"{""<=96"": 4}",4,44,18.75,0.1074,319.8347,0.58,320.731,80.18275,12.471510393444975,419.8671875,419.8671875,0.01953125,1,3,0.47946953773498535
tight,4,2,<=96,"{""<=96"": 4}",4,41,11.585365853658535,0.0705,232.8484,10.4936,243.5765,60.894125,16.421945466824592,419.8671875,419.8828125,0.01953125,2,3,0.37222820520401
tight,4,3,<=96,"{""<=96"": 1}",1,36,0.0,0.0436,92.6718,0.2833,93.1433,93.1433,10.736145272928917,419.87109375,419.87109375,0.01953125,0,0,0.0
tight,4,4,<=160,"{""<=160"": 4}",4,89,35.39325842696629,0.1599,510.3046,13.3976,524.0752,131.0188,7.632492436199996,419.87109375,419.8984375,0.02734375,0,3,0.30996865034103394
tight,4,5,<=160,"{""<=160"": 4}",4,100,8.750000000000002,0.2405,812.124,14.3922,827.0365,206.759125,4.836545908191476,419.8828125,419.90625,0.0234375,1,3,0.9671047925949097
tight,4,6,<=160,"{""<=160"": 1}",1,87,0.0,0.069,276.9032,0.6042,277.7193,277.7193,3.6007580315808085,419.890625,419.90625,0.01953125,0,0,0.0
tight,4,7,<=256,"{""<=256"": 4}",4,110,12.045454545454549,0.4069,819.5522,17.6002,837.9238,209.48095,4.773703766380666,419.890625,419.94921875,0.0625,1,3,0.3022525906562805
tight,4,8,<=256,"{""<=256"": 4}",4,99,11.111111111111116,0.1238,737.1766,1.4427,738.8807,184.720175,5.413593831859459,419.9375,419.9375,0.01953125,3,3,0.33676815032958984
tight,4,9,<=384,"{""<=384"": 4}",4,113,17.035398230088493,0.2295,858.9149,18.5608,877.9334,219.48335,4.556154259537227,419.96875,419.99609375,0.03125,1,3,0.3523986041545868
tight,4,10,<=384,"{""<=384"": 4}",4,118,20.33898305084746,0.1232,1043.6403,38.0646,1081.9947,270.498675,3.6968757795209166,419.984375,420.0078125,0.0390625,2,3,0.969955563545227
tight,4,11,<=512,"{""<=512"": 4}",4,144,10.590277777777779,0.1731,593.7469,22.7787,616.9069,154.226725,6.483960545748476,420.01171875,420.01953125,0.02734375,2,3,0.22578802704811096
tight,4,12,<=512,"{""<=512"": 4}",4,299,45.06688963210702,0.1864,1062.4928,51.7527,1114.6219,278.655475,3.5886608723550104,420.01953125,421.83203125,1.8125,3,3,0.8799466490745544
tight,4,13,>512,"{"">512"": 4}",4,210,23.690476190476197,0.2254,1313.1097,25.0917,1338.6564,334.6641,2.9880707252436096,422.53125,422.5546875,0.02734375,2,2,0.5642947554588318
tight,4,14,>512,"{"">512"": 2}",2,217,16.589861751152068,0.1188,966.8093,29.0792,996.15,498.075,2.0077297595743615,422.546875,422.546875,0.01953125,1,1,0.27981898188591003
tight,8,0,<=96,"{""<=96"": 8}",8,96,31.380208333333336,0.1533,1369.9944,49.0469,1419.3958,177.424475,5.636200980727152,422.5625,422.578125,0.03515625,3,4,0.643324613571167
tight,8,1,<=96,"{""<=96"": 5}",5,41,11.707317073170731,0.0632,574.5529,1.6581,576.6132,115.32264,8.671324208325442,424.2265625,422.9609375,0.01953125,3,4,0.37222820520401
tight,8,2,<=160,"{""<=160"": 8}",8,100,25.624999999999996,0.1729,1735.877,14.6019,1750.8204,218.85255,4.569286489922096,422.9453125,422.9609375,0.01953125,1,7,0.9671047925949097
tight,8,3,<=160,"{""<=160"": 1}",1,87,0.0,0.0335,240.4563,0.4564,241.0618,241.0618,4.148313834875538,423.734375,423.75,0.01953125,0,0,0.0
tight,8,4,<=256,"{""<=256"": 8}",8,110,16.022727272727277,0.2335,1290.5891,32.8187,1324.0754,165.509425,6.041951991555768,423.734375,423.859375,0.125,5,7,0.5109151601791382
tight,8,5,<=384,"{""<=384"": 8}",8,118,20.444915254237284,0.1911,1069.7444,26.1539,1096.2771,137.0346375,7.29742507619652,423.921875,423.92578125,0.0234375,4,7,0.969955563545227
tight,8,6,<=512,"{""<=512"": 8}",8,299,51.00334448160535,0.4655,2117.6959,113.3925,2232.8252,279.10315,3.582904743282188,423.9296875,425.24609375,1.3359375,6,7,0.8799466490745544
tight,8,7,>512,"{"">512"": 6}",6,217,22.964669738863286,0.3557,2454.7099,70.3271,2526.4676,421.0779333333333,2.374857290867296,425.24609375,423.97265625,0.03125,4,5,0.6090992093086243
tight,16,0,<=96,"{""<=96"": 13}",13,96,43.269230769230774,0.2571,2361.2459,63.5773,2425.4903,186.57617692307693,5.3597410799787575,422.8828125,422.92578125,0.046875,7,9,0.643324613571167
tight,16,1,<=160,"{""<=160"": 9}",9,100,24.22222222222222,0.1847,1976.2499,36.6706,2013.3088,223.70097777777778,4.470253147455572,423.7734375,423.796875,0.02734375,1,8,0.9671047925949097
tight,16,2,<=256,"{""<=256"": 8}",8,110,16.022727272727277,0.2182,3081.639,87.5758,3169.6694,396.208675,2.5239225264313054,423.78125,424.08203125,0.3046875,5,7,0.5109151601791382
tight,16,3,<=384,"{""<=384"": 8}",8,118,20.444915254237284,0.2148,2846.5947,106.6343,2953.6916,369.21145,2.7084750486475975,424.06640625,400.59375,0.0234375,4,7,0.969955563545227
tight,16,4,<=512,"{""<=512"": 8}",8,299,51.00334448160535,0.3741,3735.4319,119.7251,3856.4291,482.0536375,2.074457948675888,400.578125,401.91015625,1.3359375,6,7,0.8799466490745544
tight,16,5,>512,"{"">512"": 6}",6,217,22.964669738863286,0.2915,3001.7763,58.9318,3061.8911,510.3151833333333,1.9595732846279217,401.90234375,330.46484375,0.02734375,4,5,0.6090992093086243
