page,category,fast_ms,dyn_ms,stat_ms,fast_verdict,dyn_verdict,stat_verdict,fast_stats,dyn_stats,stat_stats
real_001__ft_001,free_text_aot512,174,676,715,accept,accept,accept,"[np.float64(147.5), np.float64(197.5), np.float64(1.9)]","[np.float64(170.8), np.float64(4170.9), np.float64(0.0)]","[np.float64(170.8), np.float64(4170.9), np.float64(0.0)]"
real_001__ft_002,free_text_aot512,147,615,663,accept,accept,accept,"[np.float64(173.8), np.float64(126.9), np.float64(0.4)]","[np.float64(176.6), np.float64(3200.1), np.float64(0.0)]","[np.float64(176.6), np.float64(3200.1), np.float64(0.0)]"
real_002__ft_001,free_text_aot512,149,660,672,accept,accept,accept,"[np.float64(214.6), np.float64(55.5), np.float64(0.0)]","[np.float64(204.9), np.float64(2014.3), np.float64(0.0)]","[np.float64(204.9), np.float64(2014.3), np.float64(0.0)]"
real_002__ft_002,free_text_aot512,148,693,659,accept,accept,accept,"[np.float64(247.5), np.float64(57.4), np.float64(0.0)]","[np.float64(240.9), np.float64(578.6), np.float64(0.0)]","[np.float64(240.9), np.float64(578.6), np.float64(0.0)]"
real_008__ft_001,free_text_aot512,142,623,685,accept,accept,accept,"[np.float64(239.9), np.float64(12.8), np.float64(0.0)]","[np.float64(225.5), np.float64(427.1), np.float64(0.0)]","[np.float64(225.5), np.float64(427.1), np.float64(0.0)]"
real_008__ft_002,free_text_aot512,145,645,706,accept,accept,accept,"[np.float64(239.5), np.float64(828.7), np.float64(0.0)]","[np.float64(188.7), np.float64(9780.1), np.float64(0.0)]","[np.float64(188.7), np.float64(9780.1), np.float64(0.0)]"
real_008__ft_003,free_text_aot512,160,626,681,accept,accept,accept,"[np.float64(254.0), np.float64(33.9), np.float64(0.0)]","[np.float64(244.3), np.float64(860.4), np.float64(0.0)]","[np.float64(244.3), np.float64(860.4), np.float64(0.0)]"
real_008__ft_004,free_text_aot512,143,647,695,accept,accept,accept,"[np.float64(215.6), np.float64(220.6), np.float64(0.0)]","[np.float64(181.2), np.float64(3938.5), np.float64(0.0)]","[np.float64(181.2), np.float64(3938.5), np.float64(0.0)]"
real_010__ft_001,free_text_aot512,140,646,668,accept,accept,accept,"[np.float64(253.0), np.float64(32.8), np.float64(0.0)]","[np.float64(248.1), np.float64(387.4), np.float64(0.0)]","[np.float64(248.1), np.float64(387.4), np.float64(0.0)]"
real_010__ft_002,free_text_aot512,145,649,696,accept,accept,accept,"[np.float64(252.6), np.float64(131.9), np.float64(0.0)]","[np.float64(239.1), np.float64(1975.8), np.float64(0.0)]","[np.float64(239.1), np.float64(1975.8), np.float64(0.0)]"
real_011__ft_001,free_text_aot512,143,655,705,accept,accept,accept,"[np.float64(248.8), np.float64(158.1), np.float64(0.0)]","[np.float64(220.7), np.float64(2071.1), np.float64(0.0)]","[np.float64(220.7), np.float64(2071.1), np.float64(0.0)]"
real_012__ft_001,free_text_aot512,165,624,673,accept,accept,accept,"[np.float64(253.0), np.float64(100.1), np.float64(0.0)]","[np.float64(244.9), np.float64(1006.3), np.float64(0.0)]","[np.float64(244.9), np.float64(1006.3), np.float64(0.0)]"
real_017__ft_001,free_text_aot512,140,637,694,accept,accept,accept,"[np.float64(252.9), np.float64(67.4), np.float64(0.0)]","[np.float64(251.2), np.float64(373.2), np.float64(0.0)]","[np.float64(251.2), np.float64(373.2), np.float64(0.0)]"
real_017__ft_002,free_text_aot512,143,672,670,accept,accept,accept,"[np.float64(251.5), np.float64(151.9), np.float64(0.0)]","[np.float64(248.5), np.float64(948.5), np.float64(0.0)]","[np.float64(248.5), np.float64(948.5), np.float64(0.0)]"
real_017__ft_003,free_text_aot512,136,607,674,accept,accept,accept,"[np.float64(249.9), np.float64(65.8), np.float64(0.0)]","[np.float64(248.7), np.float64(353.5), np.float64(0.0)]","[np.float64(248.7), np.float64(353.5), np.float64(0.0)]"
real_020__ft_001,free_text_aot512,135,626,723,accept,accept,accept,"[np.float64(253.2), np.float64(45.8), np.float64(0.0)]","[np.float64(252.1), np.float64(217.2), np.float64(0.0)]","[np.float64(252.1), np.float64(217.2), np.float64(0.0)]"
real_020__ft_002,free_text_aot512,147,638,666,accept,accept,accept,"[np.float64(233.5), np.float64(769.7), np.float64(0.0)]","[np.float64(196.8), np.float64(6094.9), np.float64(0.0)]","[np.float64(196.8), np.float64(6094.8), np.float64(0.0)]"
real_020__ft_003,free_text_aot512,129,617,697,accept,accept,accept,"[np.float64(251.6), np.float64(131.8), np.float64(0.0)]","[np.float64(232.1), np.float64(1961.1), np.float64(0.0)]","[np.float64(232.1), np.float64(1961.1), np.float64(0.0)]"
real_021__ft_001,free_text_aot512,148,650,680,accept,accept,accept,"[np.float64(4.3), np.float64(367.7), np.float64(0.0)]","[np.float64(17.5), np.float64(3564.1), np.float64(0.0)]","[np.float64(17.5), np.float64(3564.1), np.float64(0.0)]"
real_021__ft_002,free_text_aot512,131,615,705,accept,accept,accept,"[np.float64(209.5), np.float64(252.1), np.float64(0.0)]","[np.float64(190.6), np.float64(3292.8), np.float64(0.0)]","[np.float64(190.6), np.float64(3292.8), np.float64(0.0)]"
real_021__ft_003,free_text_aot512,146,674,695,accept,accept,accept,"[np.float64(228.4), np.float64(54.7), np.float64(0.0)]","[np.float64(227.2), np.float64(1101.0), np.float64(0.0)]","[np.float64(227.2), np.float64(1101.0), np.float64(0.0)]"
real_021__ft_004,free_text_aot512,135,637,667,accept,accept,accept,"[np.float64(185.5), np.float64(273.9), np.float64(0.0)]","[np.float64(186.6), np.float64(2714.7), np.float64(0.0)]","[np.float64(186.6), np.float64(2714.7), np.float64(0.0)]"
real_023__ft_001,free_text_aot512,146,632,705,REJECT(near-white),REJECT(near-white),REJECT(near-white),"[np.float64(255.0), np.float64(0.0), np.float64(0.0)]","[np.float64(255.0), np.float64(0.0), np.float64(0.0)]","[np.float64(255.0), np.float64(0.0), np.float64(0.0)]"
real_024__ft_001,free_text_aot512,150,641,712,accept,accept,accept,"[np.float64(115.2), np.float64(149.9), np.float64(0.0)]","[np.float64(120.1), np.float64(2253.1), np.float64(0.0)]","[np.float64(120.1), np.float64(2253.1), np.float64(0.0)]"
real_024__ft_002,free_text_aot512,152,632,672,accept,accept,accept,"[np.float64(218.5), np.float64(395.2), np.float64(0.0)]","[np.float64(189.0), np.float64(3365.7), np.float64(0.0)]","[np.float64(189.0), np.float64(3365.7), np.float64(0.0)]"
real_024__ft_003,free_text_aot512,146,662,681,accept,accept,accept,"[np.float64(65.6), np.float64(430.7), np.float64(0.0)]","[np.float64(128.6), np.float64(6652.7), np.float64(0.0)]","[np.float64(128.6), np.float64(6652.7), np.float64(0.0)]"
real_024__ft_004,free_text_aot512,146,645,674,accept,accept,accept,"[np.float64(201.1), np.float64(103.0), np.float64(0.0)]","[np.float64(188.8), np.float64(1943.1), np.float64(0.0)]","[np.float64(188.8), np.float64(1943.1), np.float64(0.0)]"
real_024__ft_005,free_text_aot512,136,641,686,accept,accept,accept,"[np.float64(58.7), np.float64(173.6), np.float64(0.0)]","[np.float64(47.8), np.float64(1969.4), np.float64(0.0)]","[np.float64(47.8), np.float64(1969.4), np.float64(0.0)]"
real_024__ft_006,free_text_aot512,155,653,715,accept,accept,accept,"[np.float64(222.1), np.float64(461.7), np.float64(0.0)]","[np.float64(176.5), np.float64(7248.4), np.float64(0.0)]","[np.float64(176.5), np.float64(7248.4), np.float64(0.0)]"
real_024__ft_007,free_text_aot512,139,626,665,accept,accept,accept,"[np.float64(163.3), np.float64(343.2), np.float64(0.0)]","[np.float64(204.7), np.float64(2274.9), np.float64(0.0)]","[np.float64(204.7), np.float64(2274.9), np.float64(0.0)]"
real_024__ft_008,free_text_aot512,134,652,696,accept,accept,accept,"[np.float64(108.9), np.float64(263.8), np.float64(0.0)]","[np.float64(114.2), np.float64(3973.2), np.float64(0.0)]","[np.float64(114.2), np.float64(3973.2), np.float64(0.0)]"
real_025__ft_001,free_text_aot512,149,656,693,accept,accept,accept,"[np.float64(247.3), np.float64(369.6), np.float64(0.0)]","[np.float64(209.5), np.float64(4486.1), np.float64(0.0)]","[np.float64(209.5), np.float64(4486.1), np.float64(0.0)]"
real_025__ft_002,free_text_aot512,139,622,677,accept,accept,accept,"[np.float64(187.3), np.float64(609.3), np.float64(0.0)]","[np.float64(95.4), np.float64(7203.0), np.float64(0.0)]","[np.float64(95.4), np.float64(7203.0), np.float64(0.0)]"
real_025__ft_003,free_text_aot512,156,656,699,accept,accept,accept,"[np.float64(165.2), np.float64(288.2), np.float64(0.0)]","[np.float64(114.4), np.float64(5405.4), np.float64(0.0)]","[np.float64(114.4), np.float64(5405.4), np.float64(0.0)]"
real_025__ft_004,free_text_aot512,148,647,666,accept,accept,accept,"[np.float64(246.9), np.float64(127.2), np.float64(0.0)]","[np.float64(224.9), np.float64(1865.6), np.float64(0.0)]","[np.float64(224.9), np.float64(1865.6), np.float64(0.0)]"
real_025__ft_005,free_text_aot512,141,660,696,accept,accept,accept,"[np.float64(245.1), np.float64(239.2), np.float64(0.0)]","[np.float64(227.4), np.float64(1500.1), np.float64(0.0)]","[np.float64(227.4), np.float64(1500.0), np.float64(0.0)]"
real_026__ft_001,free_text_aot512,150,633,669,accept,accept,accept,"[np.float64(213.0), np.float64(329.0), np.float64(0.0)]","[np.float64(174.3), np.float64(5972.7), np.float64(0.0)]","[np.float64(174.3), np.float64(5972.7), np.float64(0.0)]"
real_026__ft_002,free_text_aot512,149,608,670,accept,accept,accept,"[np.float64(227.6), np.float64(70.6), np.float64(0.0)]","[np.float64(215.5), np.float64(1285.8), np.float64(0.0)]","[np.float64(215.5), np.float64(1285.8), np.float64(0.0)]"
real_026__ft_003,free_text_aot512,142,659,693,accept,accept,accept,"[np.float64(207.6), np.float64(150.8), np.float64(0.0)]","[np.float64(207.4), np.float64(1638.9), np.float64(0.0)]","[np.float64(207.4), np.float64(1638.9), np.float64(0.0)]"
real_026__ft_004,free_text_aot512,159,625,672,accept,accept,accept,"[np.float64(244.6), np.float64(592.3), np.float64(0.0)]","[np.float64(191.6), np.float64(8164.9), np.float64(0.0)]","[np.float64(191.6), np.float64(8164.9), np.float64(0.0)]"
real_026__ft_005,free_text_aot512,139,635,680,accept,accept,accept,"[np.float64(209.0), np.float64(158.6), np.float64(0.0)]","[np.float64(212.5), np.float64(1721.4), np.float64(0.0)]","[np.float64(212.5), np.float64(1721.4), np.float64(0.0)]"
real_030__ft_001,free_text_aot512,146,653,742,accept,accept,accept,"[np.float64(161.9), np.float64(317.3), np.float64(0.0)]","[np.float64(177.0), np.float64(5105.2), np.float64(0.0)]","[np.float64(177.0), np.float64(5105.2), np.float64(0.0)]"
