backend,baseline_box_count,box_count_equal,cosine,decoded_sequences,det_box_count,dtype_baseline,dtype_variant,exact_sequence_equal,kind,latency_ms_mean,latency_ms_p50,latency_ms_p95,matched_iou_mean,matched_iou_min,max_abs,max_rel,mean_abs,model,output_dtype,rmse,rss_after_bytes,rss_before_bytes,rss_peak_bytes,runs,sample,section,shape_equal,status,throughput_per_s,variant,variant_box_count,warmup
ort,,,,,40,,,,det,7890.569099981803,7890.569099981803,7890.569099981803,,,,,,C:\Users\User\.traycer\worktrees\kimreneouk__tachiyomiatvibe\research-ppocrv6-optimization\app\src\main\assets\models\ocr\paddle-v6-small\det\inference.onnx,float32,,482045952,325484544,493072384,1,,load_and_runtime,,CONFIRMED,0.126733571093409,fp32,,0
ort,,,,,44,,,,det,6035.672300000442,6035.672300000442,6035.672300000442,,,,,,research\fp16-results\models\det_fp16_io.onnx,float16,,490196992,334946304,501268480,1,,load_and_runtime,,CONFIRMED,0.16568162588945173,fp16_io,,0
ort,,,,,43,,,,det,5899.097600020468,5899.097600020468,5899.097600020468,,,,,,research\fp16-results\models\det_fp16_keep_io.onnx,float32,,498634752,343642112,509718528,1,,load_and_runtime,,CONFIRMED,0.16951745297391424,fp16_keep_io,,0
ort,,,,,,,,,rec,779.8460999911185,779.8460999911185,779.8460999911185,,,,,,C:\Users\User\.traycer\worktrees\kimreneouk__tachiyomiatvibe\research-ppocrv6-optimization\app\src\main\assets\models\ocr\paddle-v6-small\inference.onnx,float32,,1024073728,1020801024,1024077824,1,,load_and_runtime,,CONFIRMED,1.282304290566291,fp32,,0
ort,,,,,,,,,rec,1200.074799999129,1200.074799999129,1200.074799999129,,,,,,research\fp16-results\models\rec_fp16_io.onnx,float16,,1051267072,1026342912,1051271168,1,,load_and_runtime,,CONFIRMED,0.8332813921271622,fp16_io,,0
ort,,,,,,,,,rec,1347.1921999880578,1347.1921999880578,1347.1921999880578,,,,,,research\fp16-results\models\rec_fp16_keep_io.onnx,float32,,1050968064,1026109440,1050972160,1,,load_and_runtime,,CONFIRMED,0.7422845827112601,fp16_keep_io,,0
ort,40,False,0.9999826550483704,,,float32,float16,,det,,,,0.9382006017712253,0.0001643655489809336,0.026625216007232666,17.881393432617188,0.0005523116560652852,,,0.0018007982289418578,,,,,0,parity,True,,,fp16_io,44,
ort,0,True,0.9999281167984009,,,float32,float16,,det,,,,1.0,1.0,0.0011345148086547852,3.0,2.3330510884989053e-05,,,3.918436777894385e-05,,,,,1,parity,True,,,fp16_io,0,
ort,0,True,0.9999544024467468,,,float32,float16,,det,,,,1.0,1.0,0.0016285181045532227,11.920928955078125,2.2451871700468473e-05,,,3.846177787636407e-05,,,,,2,parity,True,,,fp16_io,0,
ort,0,True,0.9999529719352722,,,float32,float16,,det,,,,1.0,1.0,0.00141105055809021,11.920928955078125,2.8215603379067034e-05,,,5.508026879397221e-05,,,,,3,parity,True,,,fp16_io,0,
ort,40,False,0.9999845623970032,,,float32,float32,,det,,,,0.9382006017712253,0.0001643655489809336,0.02736857533454895,14.901161193847656,0.0005552250077016652,,,0.0018155105644837022,,,,,0,parity,True,,,fp16_keep_io,43,
ort,0,True,0.999932050704956,,,float32,float32,,det,,,,1.0,1.0,0.0011688470840454102,2.5,2.346058863622602e-05,,,3.945062417187728e-05,,,,,1,parity,True,,,fp16_keep_io,0,
ort,0,True,0.9999576210975647,,,float32,float32,,det,,,,1.0,1.0,0.001575082540512085,11.920928955078125,2.232954284409061e-05,,,3.8122700061649084e-05,,,,,2,parity,True,,,fp16_keep_io,0,
ort,0,True,0.9999561905860901,,,float32,float32,,det,,,,1.0,1.0,0.0013974010944366455,14.901161193847656,2.8144499083282426e-05,,,5.4376505431719124e-05,,,,,3,parity,True,,,fp16_keep_io,0,
ort,,,0.9999722242355347,,,float32,float16,True,rec,,,,,,0.005911737680435181,1.2767314910888672,9.508494827059621e-07,,,2.540685272833798e-05,,,,,0,parity,True,,,fp16_io,,
ort,,,0.9999783039093018,,,float32,float16,True,rec,,,,,,0.007093310356140137,1.1292823553085327,7.572805316158338e-07,,,2.555339233367704e-05,,,,,1,parity,True,,,fp16_io,,
ort,,,0.999992311000824,,,float32,float16,True,rec,,,,,,0.004611983895301819,1.0960423946380615,5.302175623000949e-07,,,2.155342917831149e-05,,,,,2,parity,True,,,fp16_io,,
ort,,,0.9999834299087524,,,float32,float16,True,rec,,,,,,0.007313251495361328,1.1315516233444214,7.569643116767111e-07,,,2.861383654817473e-05,,,,,3,parity,True,,,fp16_io,,
ort,,,0.9999704957008362,,,float32,float32,True,rec,,,,,,0.00606885552406311,0.1695980429649353,9.482553195994115e-07,,,2.623820910230279e-05,,,,,0,parity,True,,,fp16_keep_io,,
ort,,,0.9999791979789734,,,float32,float32,True,rec,,,,,,0.006780564785003662,0.090985968708992,7.349596558015037e-07,,,2.505783413653262e-05,,,,,1,parity,True,,,fp16_keep_io,,
ort,,,0.999992847442627,,,float32,float32,True,rec,,,,,,0.004354953765869141,0.07111746072769165,5.166434675629716e-07,,,2.110798959620297e-05,,,,,2,parity,True,,,fp16_keep_io,,
ort,,,0.9999839663505554,,,float32,float32,True,rec,,,,,,0.007352292537689209,0.09812198579311371,7.304179803213628e-07,,,2.77804683719296e-05,,,,,3,parity,True,,,fp16_keep_io,,
