width_mode,batch_size,phase,page_id,source_id,chapter,filename,pages,regions,batches,total_ms,rec_preprocess_ms,rec_inference_ms,rec_postprocess_ms,rss_before_mb,rss_after_mb,rss_peak_delta_mb,text_mismatch_count,token_mismatch_count,max_logit_abs_diff,session_init_ms
bucketed,8,cold_first_page,supplied:ore-ni-trauma-wo-ataeta-joshitachi-ga-chirachira-mitekuru-kedo-zannen-desu-ga-teokure-desu_ch16:01.jpg,supplied,ore-ni-trauma-wo-ataeta-joshitachi-ga-chirachira-mitekuru-kedo-zannen-desu-ga-teokure-desu_ch16,01.jpg,1,2,1,604.1539,2.6233999999999997,213.0706,3.0547,1075.55859375,1118.34765625,50.984375,0,0,0.0,420.4957
bucketed,8,warm,supplied:ore-ni-trauma-wo-ataeta-joshitachi-ga-chirachira-mitekuru-kedo-zannen-desu-ga-teokure-desu_ch16:02.jpg,supplied,ore-ni-trauma-wo-ataeta-joshitachi-ga-chirachira-mitekuru-kedo-zannen-desu-ga-teokure-desu_ch16,02.jpg,1,18,3,3397.5624,35.0206,1832.6681,36.6196,1118.33203125,1335.58203125,229.609375,0,0,0.0,0.0
bucketed,8,warm,supplied:ore-ni-trauma-wo-ataeta-joshitachi-ga-chirachira-mitekuru-kedo-zannen-desu-ga-teokure-desu_ch16:03.jpg,supplied,ore-ni-trauma-wo-ataeta-joshitachi-ga-chirachira-mitekuru-kedo-zannen-desu-ga-teokure-desu_ch16,03.jpg,1,16,2,1664.2757,21.0379,1602.1595000000002,40.8925,1335.5703125,1338.66796875,3.1015625,0,0,0.0,0.0
bucketed,8,warm,supplied:ore-ni-trauma-wo-ataeta-joshitachi-ga-chirachira-mitekuru-kedo-zannen-desu-ga-teokure-desu_ch16:04.jpg,supplied,ore-ni-trauma-wo-ataeta-joshitachi-ga-chirachira-mitekuru-kedo-zannen-desu-ga-teokure-desu_ch16,04.jpg,1,14,2,1818.7396,34.958,1754.5198,29.014,1338.65234375,1339.56640625,0.91796875,0,0,0.0,0.0
bucketed,8,warm,supplied:ore-ni-trauma-wo-ataeta-joshitachi-ga-chirachira-mitekuru-kedo-zannen-desu-ga-teokure-desu_ch16:05.jpg,supplied,ore-ni-trauma-wo-ataeta-joshitachi-ga-chirachira-mitekuru-kedo-zannen-desu-ga-teokure-desu_ch16,05.jpg,1,14,2,1448.9008,24.935000000000002,1397.4724,26.2834,1339.55078125,1373.81640625,34.97265625,0,0,0.0,0.0
bucketed,8,warm,supplied:ore-ni-trauma-wo-ataeta-joshitachi-ga-chirachira-mitekuru-kedo-zannen-desu-ga-teokure-desu_ch16:06.jpg,supplied,ore-ni-trauma-wo-ataeta-joshitachi-ga-chirachira-mitekuru-kedo-zannen-desu-ga-teokure-desu_ch16,06.jpg,1,8,1,801.5675,9.1525,775.4858,16.8139,1373.80859375,1374.50390625,0.71484375,0,0,0.0,0.0
bucketed,8,warm,supplied:ore-ni-trauma-wo-ataeta-joshitachi-ga-chirachira-mitekuru-kedo-zannen-desu-ga-teokure-desu_ch16:07.jpg,supplied,ore-ni-trauma-wo-ataeta-joshitachi-ga-chirachira-mitekuru-kedo-zannen-desu-ga-teokure-desu_ch16,07.jpg,1,35,5,3629.2335,62.1465,3495.7504,70.82589999999999,1374.50390625,1373.40625,0.37109375,0,0,0.0,0.0
bucketed,8,warm,supplied:ore-ni-trauma-wo-ataeta-joshitachi-ga-chirachira-mitekuru-kedo-zannen-desu-ga-teokure-desu_ch16:08.jpg,supplied,ore-ni-trauma-wo-ataeta-joshitachi-ga-chirachira-mitekuru-kedo-zannen-desu-ga-teokure-desu_ch16,08.jpg,1,13,2,1594.4918,16.228099999999998,1548.4683,29.6104,1373.40625,1376.296875,2.90625,0,0,0.0,0.0
bucketed,8,warm,supplied:ore-ni-trauma-wo-ataeta-joshitachi-ga-chirachira-mitekuru-kedo-zannen-desu-ga-teokure-desu_ch16:09.jpg,supplied,ore-ni-trauma-wo-ataeta-joshitachi-ga-chirachira-mitekuru-kedo-zannen-desu-ga-teokure-desu_ch16,09.jpg,1,20,3,3281.4919,50.7599,3159.8788999999997,70.5108,1376.296875,1375.9453125,1.07421875,0,0,0.0,0.0
bucketed,8,warm,supplied:ore-ni-trauma-wo-ataeta-joshitachi-ga-chirachira-mitekuru-kedo-zannen-desu-ga-teokure-desu_ch16:10.jpg,supplied,ore-ni-trauma-wo-ataeta-joshitachi-ga-chirachira-mitekuru-kedo-zannen-desu-ga-teokure-desu_ch16,10.jpg,1,27,4,4693.5091,258.1311,4375.5432,59.4589,1375.9453125,1375.6171875,1.4296875,0,0,0.0,0.0
bucketed,8,warm,supplied:ore-ni-trauma-wo-ataeta-joshitachi-ga-chirachira-mitekuru-kedo-zannen-desu-ga-teokure-desu_ch16:11.jpg,supplied,ore-ni-trauma-wo-ataeta-joshitachi-ga-chirachira-mitekuru-kedo-zannen-desu-ga-teokure-desu_ch16,11.jpg,1,26,4,2938.8914,45.215999999999994,2840.1538,53.2065,1375.6015625,1374.56640625,1.78515625,0,0,0.0,0.0
bucketed,8,warm,supplied:ore-ni-trauma-wo-ataeta-joshitachi-ga-chirachira-mitekuru-kedo-zannen-desu-ga-teokure-desu_ch16:12.jpg,supplied,ore-ni-trauma-wo-ataeta-joshitachi-ga-chirachira-mitekuru-kedo-zannen-desu-ga-teokure-desu_ch16,12.jpg,1,21,3,3133.5312,54.101699999999994,2994.0072,85.031,1374.55078125,1388.48046875,13.9453125,0,0,0.0,0.0
