component,cpu_mem_arena,duration_ms,execution_mode,graph_optimization,input,inter_op,io_binding,iteration,load_ms,mem_pattern,parity,phase,reuse_session,rss_delta_mb,rss_mb,signature,threads
det,True,9585.28,sequential,all,tools\aot_corpus\real_corpus_faithful\real_001\bubble\page.jpg,1,False,0,1915.643,True,True,cold,True,74.355,182.219,1d7f78cce1516643,1
det,True,9825.454,sequential,all,tools\aot_corpus\real_corpus_faithful\real_001\bubble\page.jpg,1,False,0,0.0,True,True,warm,True,0.879,183.359,1d7f78cce1516643,1
det,True,11029.626,sequential,all,tools\aot_corpus\real_corpus_faithful\real_002\bubble\page.jpg,1,False,1,0.0,True,True,warm,True,76.941,260.305,42526652282f1598,1
rec,True,2884.8,sequential,all,tools\aot_corpus\real_corpus_faithful\real_001\bubble\page.jpg,1,False,0,2660.571,True,True,cold,True,18.957,140.902,f0d8ddfe2b3c0063,1
rec,True,2515.809,sequential,all,tools\aot_corpus\real_corpus_faithful\real_001\bubble\page.jpg,1,False,0,0.0,True,True,warm,True,0.293,140.953,f0d8ddfe2b3c0063,1
rec,True,1806.637,sequential,all,tools\aot_corpus\real_corpus_faithful\real_002\bubble\page.jpg,1,False,1,0.0,True,True,warm,True,12.621,153.574,1d3e10846e838b63,1
det,True,5364.909,sequential,all,tools\aot_corpus\real_corpus_faithful\real_001\bubble\page.jpg,1,False,0,1500.135,True,True,cold,True,74.352,183.289,1d7f78cce1516643,2
det,True,4658.155,sequential,all,tools\aot_corpus\real_corpus_faithful\real_001\bubble\page.jpg,1,False,0,0.0,True,True,warm,True,0.961,184.195,1d7f78cce1516643,2
det,True,4620.882,sequential,all,tools\aot_corpus\real_corpus_faithful\real_002\bubble\page.jpg,1,False,1,0.0,True,True,warm,True,76.867,261.062,42526652282f1598,2
rec,True,1214.88,sequential,all,tools\aot_corpus\real_corpus_faithful\real_001\bubble\page.jpg,1,False,0,1862.521,True,True,cold,True,18.32,140.406,f0d8ddfe2b3c0063,2
rec,True,1608.185,sequential,all,tools\aot_corpus\real_corpus_faithful\real_001\bubble\page.jpg,1,False,0,0.0,True,True,warm,True,0.895,141.5,f0d8ddfe2b3c0063,2
rec,True,1505.649,sequential,all,tools\aot_corpus\real_corpus_faithful\real_002\bubble\page.jpg,1,False,1,0.0,True,True,warm,True,12.527,154.027,1d3e10846e838b63,2
det,True,3791.794,sequential,all,tools\aot_corpus\real_corpus_faithful\real_001\bubble\page.jpg,1,False,0,1297.598,True,True,cold,True,74.426,183.625,1d7f78cce1516643,4
det,True,4068.685,sequential,all,tools\aot_corpus\real_corpus_faithful\real_001\bubble\page.jpg,1,False,0,0.0,True,True,warm,True,1.207,184.574,1d7f78cce1516643,4
det,True,3880.753,sequential,all,tools\aot_corpus\real_corpus_faithful\real_002\bubble\page.jpg,1,False,1,0.0,True,True,warm,True,76.895,261.473,42526652282f1598,4
rec,True,1487.22,sequential,all,tools\aot_corpus\real_corpus_faithful\real_001\bubble\page.jpg,1,False,0,2244.317,True,True,cold,True,19.203,141.672,f0d8ddfe2b3c0063,4
rec,True,1421.595,sequential,all,tools\aot_corpus\real_corpus_faithful\real_001\bubble\page.jpg,1,False,0,0.0,True,True,warm,True,0.84,142.984,f0d8ddfe2b3c0063,4
rec,True,1460.394,sequential,all,tools\aot_corpus\real_corpus_faithful\real_002\bubble\page.jpg,1,False,1,0.0,True,True,warm,True,12.641,155.625,1d3e10846e838b63,4
det,True,4075.201,sequential,all,tools\aot_corpus\real_corpus_faithful\real_001\bubble\page.jpg,1,False,0,1808.459,True,True,cold,True,54.738,164.781,1d7f78cce1516643,8
det,True,3631.034,sequential,all,tools\aot_corpus\real_corpus_faithful\real_001\bubble\page.jpg,1,False,0,0.0,True,True,warm,True,1.207,165.992,1d7f78cce1516643,8
det,True,3562.257,sequential,all,tools\aot_corpus\real_corpus_faithful\real_002\bubble\page.jpg,1,False,1,0.0,True,True,warm,True,77.039,243.031,42526652282f1598,8
rec,True,1328.732,sequential,all,tools\aot_corpus\real_corpus_faithful\real_001\bubble\page.jpg,1,False,0,2607.473,True,True,cold,True,18.953,122.121,f0d8ddfe2b3c0063,8
rec,True,1381.033,sequential,all,tools\aot_corpus\real_corpus_faithful\real_001\bubble\page.jpg,1,False,0,0.0,True,True,warm,True,0.82,122.918,f0d8ddfe2b3c0063,8
rec,True,1316.574,sequential,all,tools\aot_corpus\real_corpus_faithful\real_002\bubble\page.jpg,1,False,1,0.0,True,True,warm,True,12.695,135.613,1d3e10846e838b63,8
