backend,baseline_box_count,box_count_equal,cosine,decoded_sequences,det_box_count,dtype_baseline,dtype_variant,exact_sequence_equal,keep_io_types,kind,latency_ms_mean,latency_ms_p50,latency_ms_p95,matched_iou_mean,matched_iou_min,max_abs,max_rel,mean_abs,model,output_dtype,rmse,rss_after_bytes,rss_before_bytes,rss_peak_bytes,runs,sample,section,sha256,shape_equal,source,source_bytes,status,target,target_bytes,throughput_per_s,variant,variant_box_count,warmup
,,,,,,,,,False,det,,,,,,,,,,,,,,,,,conversion,2f0463ba51af55a9f49cae1f18cf905c578d4752236c30456325c817d8e47a1b,,C:\Users\User\.traycer\worktrees\kimreneouk__tachiyomiatvibe\research-ppocrv6-optimization\app\src\main\assets\models\ocr\paddle-v6-small\det\inference.onnx,9880512,CONFIRMED,research\fp16-results-openvino\models\det_fp16_io.onnx,4973761,,fp16_io,,
,,,,,,,,,True,det,,,,,,,,,,,,,,,,,conversion,c7f5cf18ab6e64ee2e9835f1605b3c5a48d01ec41bf632637e2355ff89053d54,,C:\Users\User\.traycer\worktrees\kimreneouk__tachiyomiatvibe\research-ppocrv6-optimization\app\src\main\assets\models\ocr\paddle-v6-small\det\inference.onnx,9880512,CONFIRMED,research\fp16-results-openvino\models\det_fp16_keep_io.onnx,4974139,,fp16_keep_io,,
,,,,,,,,,False,rec,,,,,,,,,,,,,,,,,conversion,f6ee9c86013fdd02cf9dfdf311813e1f2fe56e83d2b5f12994617dfa05d3b9cb,,C:\Users\User\.traycer\worktrees\kimreneouk__tachiyomiatvibe\research-ppocrv6-optimization\app\src\main\assets\models\ocr\paddle-v6-small\inference.onnx,21159378,CONFIRMED,research\fp16-results-openvino\models\rec_fp16_io.onnx,10624002,,fp16_io,,
,,,,,,,,,True,rec,,,,,,,,,,,,,,,,,conversion,b19f8eb2d4cf78c4eeacbad27c03d658ffaff196e0c91591d894ec6482e0db64,,C:\Users\User\.traycer\worktrees\kimreneouk__tachiyomiatvibe\research-ppocrv6-optimization\app\src\main\assets\models\ocr\paddle-v6-small\inference.onnx,21159378,CONFIRMED,research\fp16-results-openvino\models\rec_fp16_keep_io.onnx,10624324,,fp16_keep_io,,
openvino,,,,,40,,,,,det,3039.8996000003535,3039.8996000003535,3039.8996000003535,,,,,,C:\Users\User\.traycer\worktrees\kimreneouk__tachiyomiatvibe\research-ppocrv6-optimization\app\src\main\assets\models\ocr\paddle-v6-small\det\inference.onnx,float32,,453611520,449794048,460091392,1,,load_and_runtime,,,,,CONFIRMED,,,0.32895823269948904,fp32,,0
openvino,,,,,44,,,,,det,2194.569599989336,2194.569599989336,2194.569599989336,,,,,,research\fp16-results-openvino\models\det_fp16_io.onnx,float16,,460042240,458194944,469110784,1,,load_and_runtime,,,,,CONFIRMED,,,0.4556702143349016,fp16_io,,0
openvino,,,,,44,,,,,det,3055.7993999973405,3055.7993999973405,3055.7993999973405,,,,,,research\fp16-results-openvino\models\det_fp16_keep_io.onnx,float32,,458764288,455073792,463925248,1,,load_and_runtime,,,,,CONFIRMED,,,0.32724661180340253,fp16_keep_io,,0
openvino,,,,,,,,,,rec,396.80449999286793,396.80449999286793,396.80449999286793,,,,,,C:\Users\User\.traycer\worktrees\kimreneouk__tachiyomiatvibe\research-ppocrv6-optimization\app\src\main\assets\models\ocr\paddle-v6-small\inference.onnx,float32,,801030144,797995008,798056448,1,,load_and_runtime,,,,,CONFIRMED,,,2.5201327102338147,fp32,,0
openvino,,,,,,,,,,rec,465.31850000610575,465.31850000610575,465.31850000610575,,,,,,research\fp16-results-openvino\models\rec_fp16_io.onnx,float16,,804286464,802787328,802807808,1,,load_and_runtime,,,,,CONFIRMED,,,2.1490656399581756,fp16_io,,0
openvino,,,,,,,,,,rec,319.79860001592897,319.79860001592897,319.79860001592897,,,,,,research\fp16-results-openvino\models\rec_fp16_keep_io.onnx,float32,,804024320,800964608,801030144,1,,load_and_runtime,,,,,CONFIRMED,,,3.126968035351595,fp16_keep_io,,0
openvino,40,False,0.9999781250953674,,,float32,float16,,,det,,,,0.9375735530346744,0.0001643655489809336,0.03164634108543396,1.0,0.000635884003713727,,,0.002070358721539378,,,,,0,parity,,True,,,,,,,fp16_io,44,
openvino,0,True,0.9999373555183411,,,float32,float16,,,det,,,,1.0,1.0,0.0010301675647497177,0.32464006543159485,2.1525833290070295e-05,,,3.636732799350284e-05,,,,,1,parity,,True,,,,,,,fp16_io,0,
openvino,0,True,0.999958336353302,,,float32,float16,,,det,,,,1.0,1.0,0.001416776329278946,0.3296976089477539,2.0514406060101464e-05,,,3.5421853681327775e-05,,,,,2,parity,,True,,,,,,,fp16_io,0,
openvino,0,True,0.9999585151672363,,,float32,float16,,,det,,,,1.0,1.0,0.0013300515711307526,0.3339477777481079,2.607104033813812e-05,,,5.165127004147507e-05,,,,,3,parity,,True,,,,,,,fp16_io,0,
openvino,40,False,0.9999797344207764,,,float32,float32,,,det,,,,0.9375735530346744,0.0001643655489809336,0.0325106680393219,0.10529912263154984,0.0006391178467310965,,,0.0020852622110396624,,,,,0,parity,,True,,,,,,,fp16_keep_io,44,
openvino,0,True,0.9999401569366455,,,float32,float32,,,det,,,,1.0,1.0,0.001073969528079033,0.06695197522640228,2.1651640054187737e-05,,,3.662570452434011e-05,,,,,1,parity,,True,,,,,,,fp16_keep_io,0,
openvino,0,True,0.999961793422699,,,float32,float32,,,det,,,,1.0,1.0,0.0013812333345413208,0.06519778817892075,2.0388632037793286e-05,,,3.50789850926958e-05,,,,,2,parity,,True,,,,,,,fp16_keep_io,0,
openvino,0,True,0.9999616146087646,,,float32,float32,,,det,,,,1.0,1.0,0.0013304129242897034,0.06412358582019806,2.5996501790359616e-05,,,5.0931961595779285e-05,,,,,3,parity,,True,,,,,,,fp16_keep_io,0,
openvino,,,0.9999752640724182,,,float32,float16,True,,rec,,,,,,0.0057495832443237305,1.2107188701629639,8.440485430583067e-07,,,2.392222813796252e-05,,,,,0,parity,,True,,,,,,,fp16_io,,
openvino,,,0.9999821186065674,,,float32,float16,True,,rec,,,,,,0.006611645221710205,1.1096174716949463,6.67173935653409e-07,,,2.3320759282796644e-05,,,,,1,parity,,True,,,,,,,fp16_io,,
openvino,,,0.9999933838844299,,,float32,float16,True,,rec,,,,,,0.005103051662445068,1.0960780382156372,5.124566655467788e-07,,,2.3392834918922745e-05,,,,,2,parity,,True,,,,,,,fp16_io,,
openvino,,,0.9999877214431763,,,float32,float16,True,,rec,,,,,,0.00633588433265686,1.1298481225967407,6.855521519355534e-07,,,2.674752067832742e-05,,,,,3,parity,,True,,,,,,,fp16_io,,
openvino,,,0.99997478723526,,,float32,float32,True,,rec,,,,,,0.005883246660232544,0.12127900868654251,8.383059366678935e-07,,,2.4146616851794533e-05,,,,,0,parity,,True,,,,,,,fp16_keep_io,,
openvino,,,0.9999828934669495,,,float32,float32,True,,rec,,,,,,0.006209194660186768,0.08239557594060898,6.414911126739753e-07,,,2.2800910301157273e-05,,,,,1,parity,,True,,,,,,,fp16_keep_io,,
openvino,,,0.9999931454658508,,,float32,float32,True,,rec,,,,,,0.005109906196594238,0.06870218366384506,5.033963361711358e-07,,,2.3583776055602357e-05,,,,,2,parity,,True,,,,,,,fp16_keep_io,,
openvino,,,0.999987781047821,,,float32,float32,True,,rec,,,,,,0.00630226731300354,0.08877158164978027,6.701814641019155e-07,,,2.6404235541122034e-05,,,,,3,parity,,True,,,,,,,fp16_keep_io,,
