page_id,image,category,protocol,truth_protocol,width,height,truth_boxes,ctd_raw_boxes,ctd_dedup_boxes,ppocr_boxes,ctd_timing,ppocr_timing,ctd_metrics,ppocr_metrics,status,error
ore-ni-trauma-wo-ataeta-joshitachi-ga-chirachira-mitekuru-kedo-zannen-desu-ga-teokure-desu_ch16/01.jpg,C:\Users\User\Downloads\manga_test_chapters\ore-ni-trauma-wo-ataeta-joshitachi-ga-chirachira-mitekuru-kedo-zannen-desu-ga-teokure-desu_ch16\01.jpg,text_bubble,manifest_ocr_box,manifest_ocr_box,1125,1600,2,4,4,2,"{'preprocess_ms': 5.440800014184788, 'inference_ms': 5864.313400001265, 'postprocess_ms': 29.544299992267042, 'total_ms': 5899.298500007717}","{'preprocess_ms': 373.008700000355, 'inference_postprocess_ms': 4530.927800020436, 'total_ms': 4903.936500020791}","{'tp': 2, 'fp': 2, 'fn': 0, 'precision': 0.5, 'recall': 1.0, 'mean_iou_matched': 0.7334642333539164}","{'tp': 0, 'fp': 2, 'fn': 2, 'precision': 0.0, 'recall': 0.0, 'mean_iou_matched': None}",,
ore-ni-trauma-wo-ataeta-joshitachi-ga-chirachira-mitekuru-kedo-zannen-desu-ga-teokure-desu_ch16/02.jpg,C:\Users\User\Downloads\manga_test_chapters\ore-ni-trauma-wo-ataeta-joshitachi-ga-chirachira-mitekuru-kedo-zannen-desu-ga-teokure-desu_ch16\02.jpg,text_bubble,manifest_ocr_box,manifest_ocr_box,1125,1600,10,20,20,18,"{'preprocess_ms': 174.51100001926534, 'inference_ms': 10299.471999984235, 'postprocess_ms': 18.568400002550334, 'total_ms': 10492.55140000605}","{'preprocess_ms': 479.0952000184916, 'inference_postprocess_ms': 4184.947000001557, 'total_ms': 4664.042200020049}","{'tp': 10, 'fp': 10, 'fn': 0, 'precision': 0.5, 'recall': 1.0, 'mean_iou_matched': 0.757443659462615}","{'tp': 0, 'fp': 18, 'fn': 10, 'precision': 0.0, 'recall': 0.0, 'mean_iou_matched': None}",,
ore-ni-trauma-wo-ataeta-joshitachi-ga-chirachira-mitekuru-kedo-zannen-desu-ga-teokure-desu_ch16/03.jpg,C:\Users\User\Downloads\manga_test_chapters\ore-ni-trauma-wo-ataeta-joshitachi-ga-chirachira-mitekuru-kedo-zannen-desu-ga-teokure-desu_ch16\03.jpg,text_bubble,manifest_ocr_box,manifest_ocr_box,1125,1600,8,16,16,17,"{'preprocess_ms': 81.00480001303367, 'inference_ms': 8055.5538999906275, 'postprocess_ms': 17.026299989083782, 'total_ms': 8153.584999992745}","{'preprocess_ms': 254.8231999971904, 'inference_postprocess_ms': 2738.730199984275, 'total_ms': 2993.553399981465}","{'tp': 8, 'fp': 8, 'fn': 0, 'precision': 0.5, 'recall': 1.0, 'mean_iou_matched': 0.7670685336482383}","{'tp': 0, 'fp': 17, 'fn': 8, 'precision': 0.0, 'recall': 0.0, 'mean_iou_matched': None}",,
ore-ni-trauma-wo-ataeta-joshitachi-ga-chirachira-mitekuru-kedo-zannen-desu-ga-teokure-desu_ch16/04.jpg,C:\Users\User\Downloads\manga_test_chapters\ore-ni-trauma-wo-ataeta-joshitachi-ga-chirachira-mitekuru-kedo-zannen-desu-ga-teokure-desu_ch16\04.jpg,text_free,manifest_ocr_box,manifest_ocr_box,1125,1600,1,1,1,16,"{'preprocess_ms': 114.39440000685863, 'inference_ms': 5517.413199995644, 'postprocess_ms': 0.5690999969374388, 'total_ms': 5632.3766999994405}","{'preprocess_ms': 260.0459999812301, 'inference_postprocess_ms': 2591.283600020688, 'total_ms': 2851.329600001918}","{'tp': 1, 'fp': 0, 'fn': 0, 'precision': 1.0, 'recall': 1.0, 'mean_iou_matched': 0.8280830516749161}","{'tp': 0, 'fp': 16, 'fn': 1, 'precision': 0.0, 'recall': 0.0, 'mean_iou_matched': None}",,
ore-ni-trauma-wo-ataeta-joshitachi-ga-chirachira-mitekuru-kedo-zannen-desu-ga-teokure-desu_ch16/05.jpg,C:\Users\User\Downloads\manga_test_chapters\ore-ni-trauma-wo-ataeta-joshitachi-ga-chirachira-mitekuru-kedo-zannen-desu-ga-teokure-desu_ch16\05.jpg,text_bubble,manifest_ocr_box,manifest_ocr_box,1125,1600,7,15,15,14,"{'preprocess_ms': 75.66349999979138, 'inference_ms': 5200.206200010143, 'postprocess_ms': 0.3966999938711524, 'total_ms': 5276.266400003806}","{'preprocess_ms': 207.54389997455291, 'inference_postprocess_ms': 2398.432900023181, 'total_ms': 2605.976799997734}","{'tp': 7, 'fp': 8, 'fn': 0, 'precision': 0.4666666666666667, 'recall': 1.0, 'mean_iou_matched': 0.810032659575164}","{'tp': 0, 'fp': 14, 'fn': 7, 'precision': 0.0, 'recall': 0.0, 'mean_iou_matched': None}",,
ore-ni-trauma-wo-ataeta-joshitachi-ga-chirachira-mitekuru-kedo-zannen-desu-ga-teokure-desu_ch16/06.jpg,C:\Users\User\Downloads\manga_test_chapters\ore-ni-trauma-wo-ataeta-joshitachi-ga-chirachira-mitekuru-kedo-zannen-desu-ga-teokure-desu_ch16\06.jpg,text_bubble,manifest_ocr_box,manifest_ocr_box,1125,1600,3,6,6,9,"{'preprocess_ms': 89.08320000045933, 'inference_ms': 5262.201400008053, 'postprocess_ms': 0.5390000005718321, 'total_ms': 5351.823600009084}","{'preprocess_ms': 202.8684999968391, 'inference_postprocess_ms': 2392.1197000017855, 'total_ms': 2594.9881999986246}","{'tp': 3, 'fp': 3, 'fn': 0, 'precision': 0.5, 'recall': 1.0, 'mean_iou_matched': 0.731232320850404}","{'tp': 0, 'fp': 9, 'fn': 3, 'precision': 0.0, 'recall': 0.0, 'mean_iou_matched': None}",,
ore-ni-trauma-wo-ataeta-joshitachi-ga-chirachira-mitekuru-kedo-zannen-desu-ga-teokure-desu_ch16/07.jpg,C:\Users\User\Downloads\manga_test_chapters\ore-ni-trauma-wo-ataeta-joshitachi-ga-chirachira-mitekuru-kedo-zannen-desu-ga-teokure-desu_ch16\07.jpg,text_bubble+text_free,manifest_ocr_box,manifest_ocr_box,1125,1600,19,34,34,33,"{'preprocess_ms': 52.264500001911074, 'inference_ms': 5291.377100016689, 'postprocess_ms': 7.491600001230836, 'total_ms': 5351.133200019831}","{'preprocess_ms': 209.08080000663176, 'inference_postprocess_ms': 2605.7229000143707, 'total_ms': 2814.8037000210024}","{'tp': 19, 'fp': 15, 'fn': 0, 'precision': 0.5588235294117647, 'recall': 1.0, 'mean_iou_matched': 0.783834017486505}","{'tp': 0, 'fp': 33, 'fn': 19, 'precision': 0.0, 'recall': 0.0, 'mean_iou_matched': None}",,
ore-ni-trauma-wo-ataeta-joshitachi-ga-chirachira-mitekuru-kedo-zannen-desu-ga-teokure-desu_ch16/08.jpg,C:\Users\User\Downloads\manga_test_chapters\ore-ni-trauma-wo-ataeta-joshitachi-ga-chirachira-mitekuru-kedo-zannen-desu-ga-teokure-desu_ch16\08.jpg,text_bubble,manifest_ocr_box,manifest_ocr_box,1125,1600,9,18,18,14,"{'preprocess_ms': 63.04239999735728, 'inference_ms': 4260.046200011857, 'postprocess_ms': 5.372200015699491, 'total_ms': 4328.460800024914}","{'preprocess_ms': 204.51939999475144, 'inference_postprocess_ms': 2026.1205999995582, 'total_ms': 2230.6399999943096}","{'tp': 9, 'fp': 9, 'fn': 0, 'precision': 0.5, 'recall': 1.0, 'mean_iou_matched': 0.7650872164903892}","{'tp': 0, 'fp': 14, 'fn': 9, 'precision': 0.0, 'recall': 0.0, 'mean_iou_matched': None}",,
ore-ni-trauma-wo-ataeta-joshitachi-ga-chirachira-mitekuru-kedo-zannen-desu-ga-teokure-desu_ch16/09.jpg,C:\Users\User\Downloads\manga_test_chapters\ore-ni-trauma-wo-ataeta-joshitachi-ga-chirachira-mitekuru-kedo-zannen-desu-ga-teokure-desu_ch16\09.jpg,text_bubble,manifest_ocr_box,manifest_ocr_box,1125,1600,12,24,24,23,"{'preprocess_ms': 76.65050000650808, 'inference_ms': 5259.493799996562, 'postprocess_ms': 12.669499992625788, 'total_ms': 5348.813799995696}","{'preprocess_ms': 317.8949000139255, 'inference_postprocess_ms': 2738.3850000042003, 'total_ms': 3056.2799000181258}","{'tp': 12, 'fp': 12, 'fn': 0, 'precision': 0.5, 'recall': 1.0, 'mean_iou_matched': 0.7006912630258811}","{'tp': 0, 'fp': 23, 'fn': 12, 'precision': 0.0, 'recall': 0.0, 'mean_iou_matched': None}",,
ore-ni-trauma-wo-ataeta-joshitachi-ga-chirachira-mitekuru-kedo-zannen-desu-ga-teokure-desu_ch16/10.jpg,C:\Users\User\Downloads\manga_test_chapters\ore-ni-trauma-wo-ataeta-joshitachi-ga-chirachira-mitekuru-kedo-zannen-desu-ga-teokure-desu_ch16\10.jpg,text_bubble,manifest_ocr_box,manifest_ocr_box,1125,1600,9,20,20,24,"{'preprocess_ms': 89.57550002378412, 'inference_ms': 4759.635299997171, 'postprocess_ms': 1.6937000036705285, 'total_ms': 4850.904500024626}","{'preprocess_ms': 139.34380002319813, 'inference_postprocess_ms': 1881.3503999845125, 'total_ms': 2020.6942000077106}","{'tp': 9, 'fp': 11, 'fn': 0, 'precision': 0.45, 'recall': 1.0, 'mean_iou_matched': 0.7562301721529306}","{'tp': 0, 'fp': 24, 'fn': 9, 'precision': 0.0, 'recall': 0.0, 'mean_iou_matched': None}",,
ore-ni-trauma-wo-ataeta-joshitachi-ga-chirachira-mitekuru-kedo-zannen-desu-ga-teokure-desu_ch16/11.jpg,C:\Users\User\Downloads\manga_test_chapters\ore-ni-trauma-wo-ataeta-joshitachi-ga-chirachira-mitekuru-kedo-zannen-desu-ga-teokure-desu_ch16\11.jpg,text_bubble+text_free,manifest_ocr_box,manifest_ocr_box,1125,1600,9,18,18,25,"{'preprocess_ms': 57.48760001733899, 'inference_ms': 2863.222299987683, 'postprocess_ms': 0.760499999159947, 'total_ms': 2921.470400004182}","{'preprocess_ms': 90.34880000399426, 'inference_postprocess_ms': 1816.037899989169, 'total_ms': 1906.3866999931633}","{'tp': 9, 'fp': 9, 'fn': 0, 'precision': 0.5, 'recall': 1.0, 'mean_iou_matched': 0.7812218144998669}","{'tp': 0, 'fp': 25, 'fn': 9, 'precision': 0.0, 'recall': 0.0, 'mean_iou_matched': None}",,
ore-ni-trauma-wo-ataeta-joshitachi-ga-chirachira-mitekuru-kedo-zannen-desu-ga-teokure-desu_ch16/12.jpg,C:\Users\User\Downloads\manga_test_chapters\ore-ni-trauma-wo-ataeta-joshitachi-ga-chirachira-mitekuru-kedo-zannen-desu-ga-teokure-desu_ch16\12.jpg,text_bubble,manifest_ocr_box,manifest_ocr_box,1125,1600,8,17,17,22,"{'preprocess_ms': 80.14210002147593, 'inference_ms': 3695.1889999909326, 'postprocess_ms': 1.1620000004768372, 'total_ms': 3776.4931000128854}","{'preprocess_ms': 220.30640000593849, 'inference_postprocess_ms': 1992.8100999968592, 'total_ms': 2213.1165000027977}","{'tp': 8, 'fp': 9, 'fn': 0, 'precision': 0.47058823529411764, 'recall': 1.0, 'mean_iou_matched': 0.7939297839535008}","{'tp': 0, 'fp': 22, 'fn': 8, 'precision': 0.0, 'recall': 0.0, 'mean_iou_matched': None}",,
ore-ni-trauma-wo-ataeta-joshitachi-ga-chirachira-mitekuru-kedo-zannen-desu-ga-teokure-desu_ch16/13.jpg,C:\Users\User\Downloads\manga_test_chapters\ore-ni-trauma-wo-ataeta-joshitachi-ga-chirachira-mitekuru-kedo-zannen-desu-ga-teokure-desu_ch16\13.jpg,text_bubble,manifest_ocr_box,manifest_ocr_box,1125,1600,3,6,6,9,"{'preprocess_ms': 104.41060000448488, 'inference_ms': 5455.56430000579, 'postprocess_ms': 4.345900000771508, 'total_ms': 5564.320800011046}","{'preprocess_ms': 142.4655000155326, 'inference_postprocess_ms': 1635.0348999840207, 'total_ms': 1777.5003999995533}","{'tp': 3, 'fp': 3, 'fn': 0, 'precision': 0.5, 'recall': 1.0, 'mean_iou_matched': 0.7093015223350753}","{'tp': 0, 'fp': 9, 'fn': 3, 'precision': 0.0, 'recall': 0.0, 'mean_iou_matched': None}",,
ore-ni-trauma-wo-ataeta-joshitachi-ga-chirachira-mitekuru-kedo-zannen-desu-ga-teokure-desu_ch16/14.jpg,C:\Users\User\Downloads\manga_test_chapters\ore-ni-trauma-wo-ataeta-joshitachi-ga-chirachira-mitekuru-kedo-zannen-desu-ga-teokure-desu_ch16\14.jpg,text_bubble,manifest_ocr_box,manifest_ocr_box,1125,1600,5,10,10,17,"{'preprocess_ms': 81.5446000196971, 'inference_ms': 3065.331599995261, 'postprocess_ms': 5.191100004594773, 'total_ms': 3152.067300019553}","{'preprocess_ms': 126.3187000004109, 'inference_postprocess_ms': 1773.603900015587, 'total_ms': 1899.922600015998}","{'tp': 5, 'fp': 5, 'fn': 0, 'precision': 0.5, 'recall': 1.0, 'mean_iou_matched': 0.7396932024534045}","{'tp': 0, 'fp': 17, 'fn': 5, 'precision': 0.0, 'recall': 0.0, 'mean_iou_matched': None}",,
ore-ni-trauma-wo-ataeta-joshitachi-ga-chirachira-mitekuru-kedo-zannen-desu-ga-teokure-desu_ch16/15.jpg,C:\Users\User\Downloads\manga_test_chapters\ore-ni-trauma-wo-ataeta-joshitachi-ga-chirachira-mitekuru-kedo-zannen-desu-ga-teokure-desu_ch16\15.jpg,text_bubble,manifest_ocr_box,manifest_ocr_box,1125,1600,3,6,6,19,"{'preprocess_ms': 82.37369998823851, 'inference_ms': 4289.944799995283, 'postprocess_ms': 0.5024000129196793, 'total_ms': 4372.820899996441}","{'preprocess_ms': 156.58209999674, 'inference_postprocess_ms': 1759.5335000078194, 'total_ms': 1916.1156000045594}","{'tp': 3, 'fp': 3, 'fn': 0, 'precision': 0.5, 'recall': 1.0, 'mean_iou_matched': 0.7063515340926069}","{'tp': 0, 'fp': 19, 'fn': 3, 'precision': 0.0, 'recall': 0.0, 'mean_iou_matched': None}",,
ore-ni-trauma-wo-ataeta-joshitachi-ga-chirachira-mitekuru-kedo-zannen-desu-ga-teokure-desu_ch16/16.jpg,C:\Users\User\Downloads\manga_test_chapters\ore-ni-trauma-wo-ataeta-joshitachi-ga-chirachira-mitekuru-kedo-zannen-desu-ga-teokure-desu_ch16\16.jpg,text_bubble,manifest_ocr_box,manifest_ocr_box,1125,1600,9,23,23,17,"{'preprocess_ms': 54.128399991896, 'inference_ms': 4983.780899987323, 'postprocess_ms': 5.785300018033013, 'total_ms': 5043.694599997252}","{'preprocess_ms': 176.0993000061717, 'inference_postprocess_ms': 1323.329000006197, 'total_ms': 1499.4283000123687}","{'tp': 9, 'fp': 14, 'fn': 0, 'precision': 0.391304347826087, 'recall': 1.0, 'mean_iou_matched': 0.7232965009218912}","{'tp': 0, 'fp': 17, 'fn': 9, 'precision': 0.0, 'recall': 0.0, 'mean_iou_matched': None}",,
ore-ni-trauma-wo-ataeta-joshitachi-ga-chirachira-mitekuru-kedo-zannen-desu-ga-teokure-desu_ch16/17.jpg,C:\Users\User\Downloads\manga_test_chapters\ore-ni-trauma-wo-ataeta-joshitachi-ga-chirachira-mitekuru-kedo-zannen-desu-ga-teokure-desu_ch16\17.jpg,text_bubble,manifest_ocr_box,manifest_ocr_box,1125,1600,7,16,16,16,"{'preprocess_ms': 30.513200006680563, 'inference_ms': 3003.491200011922, 'postprocess_ms': 0.5099999834783375, 'total_ms': 3034.514400002081}","{'preprocess_ms': 111.27909997594543, 'inference_postprocess_ms': 1355.8637000096496, 'total_ms': 1467.142799985595}","{'tp': 7, 'fp': 9, 'fn': 0, 'precision': 0.4375, 'recall': 1.0, 'mean_iou_matched': 0.7314251857682216}","{'tp': 0, 'fp': 16, 'fn': 7, 'precision': 0.0, 'recall': 0.0, 'mean_iou_matched': None}",,
ore-ni-trauma-wo-ataeta-joshitachi-ga-chirachira-mitekuru-kedo-zannen-desu-ga-teokure-desu_ch16/18.jpg,C:\Users\User\Downloads\manga_test_chapters\ore-ni-trauma-wo-ataeta-joshitachi-ga-chirachira-mitekuru-kedo-zannen-desu-ga-teokure-desu_ch16\18.jpg,text_bubble+text_free,manifest_ocr_box,manifest_ocr_box,1125,1600,6,10,10,12,"{'preprocess_ms': 41.141900001093745, 'inference_ms': 2988.119900022866, 'postprocess_ms': 0.32119997194968164, 'total_ms': 3029.5829999959096}","{'preprocess_ms': 129.7508999996353, 'inference_postprocess_ms': 1436.1530999885872, 'total_ms': 1565.9039999882225}","{'tp': 6, 'fp': 4, 'fn': 0, 'precision': 0.6, 'recall': 1.0, 'mean_iou_matched': 0.6819364784063073}","{'tp': 0, 'fp': 12, 'fn': 6, 'precision': 0.0, 'recall': 0.0, 'mean_iou_matched': None}",,
ore-ni-trauma-wo-ataeta-joshitachi-ga-chirachira-mitekuru-kedo-zannen-desu-ga-teokure-desu_ch16/19.jpg,C:\Users\User\Downloads\manga_test_chapters\ore-ni-trauma-wo-ataeta-joshitachi-ga-chirachira-mitekuru-kedo-zannen-desu-ga-teokure-desu_ch16\19.jpg,text_bubble,manifest_ocr_box,manifest_ocr_box,1125,1600,8,16,16,15,"{'preprocess_ms': 71.0786999843549, 'inference_ms': 2778.0611000198405, 'postprocess_ms': 2.059999998891726, 'total_ms': 2851.199800003087}","{'preprocess_ms': 97.76000000420026, 'inference_postprocess_ms': 1707.9774999874644, 'total_ms': 1805.7374999916647}","{'tp': 8, 'fp': 8, 'fn': 0, 'precision': 0.5, 'recall': 1.0, 'mean_iou_matched': 0.7129619396611934}","{'tp': 0, 'fp': 15, 'fn': 8, 'precision': 0.0, 'recall': 0.0, 'mean_iou_matched': None}",,
ore-ni-trauma-wo-ataeta-joshitachi-ga-chirachira-mitekuru-kedo-zannen-desu-ga-teokure-desu_ch16/20.jpg,C:\Users\User\Downloads\manga_test_chapters\ore-ni-trauma-wo-ataeta-joshitachi-ga-chirachira-mitekuru-kedo-zannen-desu-ga-teokure-desu_ch16\20.jpg,text_bubble,manifest_ocr_box,manifest_ocr_box,1125,1600,12,25,25,25,"{'preprocess_ms': 48.535100009758025, 'inference_ms': 3081.781899993075, 'postprocess_ms': 2.360299986321479, 'total_ms': 3132.6772999891546}","{'preprocess_ms': 134.6606000151951, 'inference_postprocess_ms': 1602.1965999971144, 'total_ms': 1736.8572000123095}","{'tp': 12, 'fp': 13, 'fn': 0, 'precision': 0.48, 'recall': 1.0, 'mean_iou_matched': 0.7206428966060284}","{'tp': 0, 'fp': 25, 'fn': 12, 'precision': 0.0, 'recall': 0.0, 'mean_iou_matched': None}",,
ore-ni-trauma-wo-ataeta-joshitachi-ga-chirachira-mitekuru-kedo-zannen-desu-ga-teokure-desu_ch16/21.jpg,C:\Users\User\Downloads\manga_test_chapters\ore-ni-trauma-wo-ataeta-joshitachi-ga-chirachira-mitekuru-kedo-zannen-desu-ga-teokure-desu_ch16\21.jpg,text_bubble+text_free,manifest_ocr_box,manifest_ocr_box,1125,1600,10,20,20,22,"{'preprocess_ms': 78.83059998857789, 'inference_ms': 4046.9472000258975, 'postprocess_ms': 1.570799999171868, 'total_ms': 4127.348600013647}","{'preprocess_ms': 142.2481999907177, 'inference_postprocess_ms': 1720.0557000178378, 'total_ms': 1862.3039000085555}","{'tp': 9, 'fp': 11, 'fn': 1, 'precision': 0.45, 'recall': 0.9, 'mean_iou_matched': 0.7172809762407025}","{'tp': 0, 'fp': 22, 'fn': 10, 'precision': 0.0, 'recall': 0.0, 'mean_iou_matched': None}",,
ore-ni-trauma-wo-ataeta-joshitachi-ga-chirachira-mitekuru-kedo-zannen-desu-ga-teokure-desu_ch16/22.jpg,C:\Users\User\Downloads\manga_test_chapters\ore-ni-trauma-wo-ataeta-joshitachi-ga-chirachira-mitekuru-kedo-zannen-desu-ga-teokure-desu_ch16\22.jpg,text_bubble+text_free,manifest_ocr_box,manifest_ocr_box,1125,1600,9,17,17,13,"{'preprocess_ms': 121.13340001087636, 'inference_ms': 2901.055299997097, 'postprocess_ms': 1.1565000168047845, 'total_ms': 3023.345200024778}","{'preprocess_ms': 110.0393999950029, 'inference_postprocess_ms': 1808.3648000028916, 'total_ms': 1918.4041999978945}","{'tp': 9, 'fp': 8, 'fn': 0, 'precision': 0.5294117647058824, 'recall': 1.0, 'mean_iou_matched': 0.7271289759496117}","{'tp': 0, 'fp': 13, 'fn': 9, 'precision': 0.0, 'recall': 0.0, 'mean_iou_matched': None}",,
ore-ni-trauma-wo-ataeta-joshitachi-ga-chirachira-mitekuru-kedo-zannen-desu-ga-teokure-desu_ch16/23.jpg,C:\Users\User\Downloads\manga_test_chapters\ore-ni-trauma-wo-ataeta-joshitachi-ga-chirachira-mitekuru-kedo-zannen-desu-ga-teokure-desu_ch16\23.jpg,text_bubble,manifest_ocr_box,manifest_ocr_box,1125,1600,5,10,10,8,"{'preprocess_ms': 67.47929999255575, 'inference_ms': 3584.77899999707, 'postprocess_ms': 0.39420000393874943, 'total_ms': 3652.6524999935646}","{'preprocess_ms': 277.6198000065051, 'inference_postprocess_ms': 1870.8742999879178, 'total_ms': 2148.494099994423}","{'tp': 5, 'fp': 5, 'fn': 0, 'precision': 0.5, 'recall': 1.0, 'mean_iou_matched': 0.712727107926996}","{'tp': 0, 'fp': 8, 'fn': 5, 'precision': 0.0, 'recall': 0.0, 'mean_iou_matched': None}",,
ore-ni-trauma-wo-ataeta-joshitachi-ga-chirachira-mitekuru-kedo-zannen-desu-ga-teokure-desu_ch16/24.jpg,C:\Users\User\Downloads\manga_test_chapters\ore-ni-trauma-wo-ataeta-joshitachi-ga-chirachira-mitekuru-kedo-zannen-desu-ga-teokure-desu_ch16\24.jpg,text_bubble+text_free,manifest_ocr_box,manifest_ocr_box,1125,1600,7,13,13,12,"{'preprocess_ms': 74.07070000772364, 'inference_ms': 4742.366399994353, 'postprocess_ms': 0.9513999975752085, 'total_ms': 4817.388499999652}","{'preprocess_ms': 218.40660000452772, 'inference_postprocess_ms': 1941.69750000583, 'total_ms': 2160.104100010358}","{'tp': 7, 'fp': 6, 'fn': 0, 'precision': 0.5384615384615384, 'recall': 1.0, 'mean_iou_matched': 0.8063144544597731}","{'tp': 0, 'fp': 12, 'fn': 7, 'precision': 0.0, 'recall': 0.0, 'mean_iou_matched': None}",,
ore-ni-trauma-wo-ataeta-joshitachi-ga-chirachira-mitekuru-kedo-zannen-desu-ga-teokure-desu_ch16/25.jpg,C:\Users\User\Downloads\manga_test_chapters\ore-ni-trauma-wo-ataeta-joshitachi-ga-chirachira-mitekuru-kedo-zannen-desu-ga-teokure-desu_ch16\25.jpg,text_bubble,manifest_ocr_box,manifest_ocr_box,1125,1600,7,14,14,12,"{'preprocess_ms': 108.36929999641143, 'inference_ms': 4950.8613999933, 'postprocess_ms': 12.994000018807128, 'total_ms': 5072.224700008519}","{'preprocess_ms': 316.1652000271715, 'inference_postprocess_ms': 2916.1265999719035, 'total_ms': 3232.291799999075}","{'tp': 7, 'fp': 7, 'fn': 0, 'precision': 0.5, 'recall': 1.0, 'mean_iou_matched': 0.7396180962281546}","{'tp': 0, 'fp': 12, 'fn': 7, 'precision': 0.0, 'recall': 0.0, 'mean_iou_matched': None}",,
ore-ni-trauma-wo-ataeta-joshitachi-ga-chirachira-mitekuru-kedo-zannen-desu-ga-teokure-desu_ch16/26.jpg,C:\Users\User\Downloads\manga_test_chapters\ore-ni-trauma-wo-ataeta-joshitachi-ga-chirachira-mitekuru-kedo-zannen-desu-ga-teokure-desu_ch16\26.jpg,text_bubble,manifest_ocr_box,manifest_ocr_box,1125,1600,7,14,14,20,"{'preprocess_ms': 96.88339999411255, 'inference_ms': 6796.64360001334, 'postprocess_ms': 0.7244999869726598, 'total_ms': 6894.251499994425}","{'preprocess_ms': 341.114299983019, 'inference_postprocess_ms': 3414.059600007022, 'total_ms': 3755.173899990041}","{'tp': 7, 'fp': 7, 'fn': 0, 'precision': 0.5, 'recall': 1.0, 'mean_iou_matched': 0.7737918885464882}","{'tp': 0, 'fp': 20, 'fn': 7, 'precision': 0.0, 'recall': 0.0, 'mean_iou_matched': None}",,
ore-ni-trauma-wo-ataeta-joshitachi-ga-chirachira-mitekuru-kedo-zannen-desu-ga-teokure-desu_ch16/27.jpg,C:\Users\User\Downloads\manga_test_chapters\ore-ni-trauma-wo-ataeta-joshitachi-ga-chirachira-mitekuru-kedo-zannen-desu-ga-teokure-desu_ch16\27.jpg,text_bubble,manifest_ocr_box,manifest_ocr_box,1125,1600,9,18,18,19,"{'preprocess_ms': 146.24239999102429, 'inference_ms': 5401.893900008872, 'postprocess_ms': 0.8050999895203859, 'total_ms': 5548.941399989417}","{'preprocess_ms': 102.08250000141561, 'inference_postprocess_ms': 1998.6944000120275, 'total_ms': 2100.776900013443}","{'tp': 9, 'fp': 9, 'fn': 0, 'precision': 0.5, 'recall': 1.0, 'mean_iou_matched': 0.8001217521486319}","{'tp': 0, 'fp': 19, 'fn': 9, 'precision': 0.0, 'recall': 0.0, 'mean_iou_matched': None}",,
ore-ni-trauma-wo-ataeta-joshitachi-ga-chirachira-mitekuru-kedo-zannen-desu-ga-teokure-desu_ch16/28.jpg,C:\Users\User\Downloads\manga_test_chapters\ore-ni-trauma-wo-ataeta-joshitachi-ga-chirachira-mitekuru-kedo-zannen-desu-ga-teokure-desu_ch16\28.jpg,text_bubble,manifest_ocr_box,manifest_ocr_box,1125,1600,4,8,8,12,"{'preprocess_ms': 85.43430001009256, 'inference_ms': 4485.869900003308, 'postprocess_ms': 0.7138999935705215, 'total_ms': 4572.0181000069715}","{'preprocess_ms': 267.1310000005178, 'inference_postprocess_ms': 1938.1949999951757, 'total_ms': 2205.3259999956936}","{'tp': 4, 'fp': 4, 'fn': 0, 'precision': 0.5, 'recall': 1.0, 'mean_iou_matched': 0.7101762195716412}","{'tp': 0, 'fp': 12, 'fn': 4, 'precision': 0.0, 'recall': 0.0, 'mean_iou_matched': None}",,
ore-ni-trauma-wo-ataeta-joshitachi-ga-chirachira-mitekuru-kedo-zannen-desu-ga-teokure-desu_ch16/29.jpg,C:\Users\User\Downloads\manga_test_chapters\ore-ni-trauma-wo-ataeta-joshitachi-ga-chirachira-mitekuru-kedo-zannen-desu-ga-teokure-desu_ch16\29.jpg,text_bubble,manifest_ocr_box,manifest_ocr_box,1125,1600,9,18,18,15,"{'preprocess_ms': 52.93330000131391, 'inference_ms': 3439.9345999991056, 'postprocess_ms': 2.6818999904207885, 'total_ms': 3495.5497999908403}","{'preprocess_ms': 165.10300000663847, 'inference_postprocess_ms': 2164.488900016295, 'total_ms': 2329.5919000229333}","{'tp': 9, 'fp': 9, 'fn': 0, 'precision': 0.5, 'recall': 1.0, 'mean_iou_matched': 0.6941377117835817}","{'tp': 0, 'fp': 15, 'fn': 9, 'precision': 0.0, 'recall': 0.0, 'mean_iou_matched': None}",,
ore-ni-trauma-wo-ataeta-joshitachi-ga-chirachira-mitekuru-kedo-zannen-desu-ga-teokure-desu_ch16/30.jpg,C:\Users\User\Downloads\manga_test_chapters\ore-ni-trauma-wo-ataeta-joshitachi-ga-chirachira-mitekuru-kedo-zannen-desu-ga-teokure-desu_ch16\30.jpg,text_bubble,manifest_ocr_box,manifest_ocr_box,1125,1600,6,13,13,11,"{'preprocess_ms': 86.57230000244454, 'inference_ms': 4454.834999982268, 'postprocess_ms': 1.2644999951589853, 'total_ms': 4542.671799979871}","{'preprocess_ms': 193.44719999935478, 'inference_postprocess_ms': 1789.9261999991722, 'total_ms': 1983.373399998527}","{'tp': 6, 'fp': 7, 'fn': 0, 'precision': 0.46153846153846156, 'recall': 1.0, 'mean_iou_matched': 0.7441231367435407}","{'tp': 0, 'fp': 11, 'fn': 6, 'precision': 0.0, 'recall': 0.0, 'mean_iou_matched': None}",,
ore-ni-trauma-wo-ataeta-joshitachi-ga-chirachira-mitekuru-kedo-zannen-desu-ga-teokure-desu_ch16/31.jpg,C:\Users\User\Downloads\manga_test_chapters\ore-ni-trauma-wo-ataeta-joshitachi-ga-chirachira-mitekuru-kedo-zannen-desu-ga-teokure-desu_ch16\31.jpg,text_bubble,manifest_ocr_box,manifest_ocr_box,1125,1600,5,10,10,5,"{'preprocess_ms': 71.5695999970194, 'inference_ms': 7359.212400013348, 'postprocess_ms': 15.085299994098023, 'total_ms': 7445.8673000044655}","{'preprocess_ms': 341.62790002301335, 'inference_postprocess_ms': 3276.3043000013568, 'total_ms': 3617.93220002437}","{'tp': 5, 'fp': 5, 'fn': 0, 'precision': 0.5, 'recall': 1.0, 'mean_iou_matched': 0.6245037342681248}","{'tp': 0, 'fp': 5, 'fn': 5, 'precision': 0.0, 'recall': 0.0, 'mean_iou_matched': None}",,
ore-ni-trauma-wo-ataeta-joshitachi-ga-chirachira-mitekuru-kedo-zannen-desu-ga-teokure-desu_ch16/32.jpg,C:\Users\User\Downloads\manga_test_chapters\ore-ni-trauma-wo-ataeta-joshitachi-ga-chirachira-mitekuru-kedo-zannen-desu-ga-teokure-desu_ch16\32.jpg,text_bubble+text_free,manifest_ocr_box,manifest_ocr_box,1125,1600,3,5,5,9,"{'preprocess_ms': 272.3696999892127, 'inference_ms': 7936.789500003215, 'postprocess_ms': 0.2840000088326633, 'total_ms': 8209.44320000126}","{'preprocess_ms': 415.1953000109643, 'inference_postprocess_ms': 3610.487199999625, 'total_ms': 4025.682500010589}","{'tp': 3, 'fp': 2, 'fn': 0, 'precision': 0.6, 'recall': 1.0, 'mean_iou_matched': 0.6759818603920347}","{'tp': 0, 'fp': 9, 'fn': 3, 'precision': 0.0, 'recall': 0.0, 'mean_iou_matched': None}",,
tonari-no-seki-no-seijo-sama-wa-ore-ni-kossori-sukaato-no-naka-o-oshiete-kureru_ch1/01.jpg,C:\Users\User\Documents\TachiyomiAT-1.16.8-dev\TachiyomiAT-1.16.8-dev\TachiyomiAT-1.16.8-dev\_gui_probe\dl_out\tonari-no-seki-no-seijo-sama-wa-ore-ni-kossori-sukaato-no-naka-o-oshiete-kureru_ch1\01.jpg,text_bubble+text_free,manifest_ocr_box,manifest_ocr_box,1284,1843,4,6,6,19,"{'preprocess_ms': 98.70890001184307, 'inference_ms': 7000.295000005281, 'postprocess_ms': 0.25809998624026775, 'total_ms': 7099.262000003364}","{'preprocess_ms': 250.94559998251498, 'inference_postprocess_ms': 3319.5158000162337, 'total_ms': 3570.4613999987487}","{'tp': 4, 'fp': 2, 'fn': 0, 'precision': 0.6666666666666666, 'recall': 1.0, 'mean_iou_matched': 0.7340426202985335}","{'tp': 0, 'fp': 19, 'fn': 4, 'precision': 0.0, 'recall': 0.0, 'mean_iou_matched': None}",,
tonari-no-seki-no-seijo-sama-wa-ore-ni-kossori-sukaato-no-naka-o-oshiete-kureru_ch1/02.jpg,C:\Users\User\Documents\TachiyomiAT-1.16.8-dev\TachiyomiAT-1.16.8-dev\TachiyomiAT-1.16.8-dev\_gui_probe\dl_out\tonari-no-seki-no-seijo-sama-wa-ore-ni-kossori-sukaato-no-naka-o-oshiete-kureru_ch1\02.jpg,text_bubble+text_free,manifest_ocr_box,manifest_ocr_box,1284,1843,6,9,9,8,"{'preprocess_ms': 93.51189999142662, 'inference_ms': 7961.877800000366, 'postprocess_ms': 0.308899994706735, 'total_ms': 8055.698599986499}","{'preprocess_ms': 331.5743999846745, 'inference_postprocess_ms': 3660.6936000171117, 'total_ms': 3992.2680000017863}","{'tp': 5, 'fp': 4, 'fn': 1, 'precision': 0.5555555555555556, 'recall': 0.8333333333333334, 'mean_iou_matched': 0.700287644015531}","{'tp': 0, 'fp': 8, 'fn': 6, 'precision': 0.0, 'recall': 0.0, 'mean_iou_matched': None}",,
tonari-no-seki-no-seijo-sama-wa-ore-ni-kossori-sukaato-no-naka-o-oshiete-kureru_ch1/03.jpg,C:\Users\User\Documents\TachiyomiAT-1.16.8-dev\TachiyomiAT-1.16.8-dev\TachiyomiAT-1.16.8-dev\_gui_probe\dl_out\tonari-no-seki-no-seijo-sama-wa-ore-ni-kossori-sukaato-no-naka-o-oshiete-kureru_ch1\03.jpg,text_bubble+text_free,manifest_ocr_box,manifest_ocr_box,1284,1843,3,5,4,15,"{'preprocess_ms': 104.23290001926944, 'inference_ms': 8059.1721999808215, 'postprocess_ms': 0.4710000066552311, 'total_ms': 8163.876100006746}","{'preprocess_ms': 263.59129999764264, 'inference_postprocess_ms': 2774.7970999917015, 'total_ms': 3038.388399989344}","{'tp': 2, 'fp': 2, 'fn': 1, 'precision': 0.5, 'recall': 0.6666666666666666, 'mean_iou_matched': 0.7079014151458689}","{'tp': 0, 'fp': 15, 'fn': 3, 'precision': 0.0, 'recall': 0.0, 'mean_iou_matched': None}",,
tonari-no-seki-no-seijo-sama-wa-ore-ni-kossori-sukaato-no-naka-o-oshiete-kureru_ch1/04.jpg,C:\Users\User\Documents\TachiyomiAT-1.16.8-dev\TachiyomiAT-1.16.8-dev\TachiyomiAT-1.16.8-dev\_gui_probe\dl_out\tonari-no-seki-no-seijo-sama-wa-ore-ni-kossori-sukaato-no-naka-o-oshiete-kureru_ch1\04.jpg,text_bubble+text_free,manifest_ocr_box,manifest_ocr_box,1284,1843,6,9,9,15,"{'preprocess_ms': 120.95749998115934, 'inference_ms': 6146.953600022243, 'postprocess_ms': 12.060699984431267, 'total_ms': 6279.971799987834}","{'preprocess_ms': 332.5928999984171, 'inference_postprocess_ms': 3548.8788000075147, 'total_ms': 3881.471700005932}","{'tp': 6, 'fp': 3, 'fn': 0, 'precision': 0.6666666666666666, 'recall': 1.0, 'mean_iou_matched': 0.7739188899329044}","{'tp': 0, 'fp': 15, 'fn': 6, 'precision': 0.0, 'recall': 0.0, 'mean_iou_matched': None}",,
tonari-no-seki-no-seijo-sama-wa-ore-ni-kossori-sukaato-no-naka-o-oshiete-kureru_ch1/05.jpg,C:\Users\User\Documents\TachiyomiAT-1.16.8-dev\TachiyomiAT-1.16.8-dev\TachiyomiAT-1.16.8-dev\_gui_probe\dl_out\tonari-no-seki-no-seijo-sama-wa-ore-ni-kossori-sukaato-no-naka-o-oshiete-kureru_ch1\05.jpg,text_bubble,manifest_ocr_box,manifest_ocr_box,1284,1843,3,6,6,11,"{'preprocess_ms': 109.32779998984188, 'inference_ms': 6495.556200010469, 'postprocess_ms': 0.5743000074289739, 'total_ms': 6605.45830000774}","{'preprocess_ms': 422.22060001222417, 'inference_postprocess_ms': 2710.897999990266, 'total_ms': 3133.11860000249}","{'tp': 3, 'fp': 3, 'fn': 0, 'precision': 0.5, 'recall': 1.0, 'mean_iou_matched': 0.737290054449511}","{'tp': 0, 'fp': 11, 'fn': 3, 'precision': 0.0, 'recall': 0.0, 'mean_iou_matched': None}",,
tonari-no-seki-no-seijo-sama-wa-ore-ni-kossori-sukaato-no-naka-o-oshiete-kureru_ch1/06.jpg,C:\Users\User\Documents\TachiyomiAT-1.16.8-dev\TachiyomiAT-1.16.8-dev\TachiyomiAT-1.16.8-dev\_gui_probe\dl_out\tonari-no-seki-no-seijo-sama-wa-ore-ni-kossori-sukaato-no-naka-o-oshiete-kureru_ch1\06.jpg,text_bubble+text_free,manifest_ocr_box,manifest_ocr_box,1284,1843,6,9,9,15,"{'preprocess_ms': 95.46889999182895, 'inference_ms': 8655.519499996444, 'postprocess_ms': 0.4665000014938414, 'total_ms': 8751.454899989767}","{'preprocess_ms': 271.6079000092577, 'inference_postprocess_ms': 3533.090100012487, 'total_ms': 3804.6980000217445}","{'tp': 6, 'fp': 3, 'fn': 0, 'precision': 0.6666666666666666, 'recall': 1.0, 'mean_iou_matched': 0.7851119062305316}","{'tp': 0, 'fp': 15, 'fn': 6, 'precision': 0.0, 'recall': 0.0, 'mean_iou_matched': None}",,
tonari-no-seki-no-seijo-sama-wa-ore-ni-kossori-sukaato-no-naka-o-oshiete-kureru_ch1/07.jpg,C:\Users\User\Documents\TachiyomiAT-1.16.8-dev\TachiyomiAT-1.16.8-dev\TachiyomiAT-1.16.8-dev\_gui_probe\dl_out\tonari-no-seki-no-seijo-sama-wa-ore-ni-kossori-sukaato-no-naka-o-oshiete-kureru_ch1\07.jpg,text_bubble+text_free,manifest_ocr_box,manifest_ocr_box,1284,1843,16,30,30,22,"{'preprocess_ms': 97.63940001721494, 'inference_ms': 8166.399399982765, 'postprocess_ms': 48.0264000070747, 'total_ms': 8312.065200007055}","{'preprocess_ms': 377.1155999857001, 'inference_postprocess_ms': 3704.4062000059057, 'total_ms': 4081.521799991606}","{'tp': 15, 'fp': 15, 'fn': 1, 'precision': 0.5, 'recall': 0.9375, 'mean_iou_matched': 0.7816937650666848}","{'tp': 0, 'fp': 22, 'fn': 16, 'precision': 0.0, 'recall': 0.0, 'mean_iou_matched': None}",,
tonari-no-seki-no-seijo-sama-wa-ore-ni-kossori-sukaato-no-naka-o-oshiete-kureru_ch1/08.jpg,C:\Users\User\Documents\TachiyomiAT-1.16.8-dev\TachiyomiAT-1.16.8-dev\TachiyomiAT-1.16.8-dev\_gui_probe\dl_out\tonari-no-seki-no-seijo-sama-wa-ore-ni-kossori-sukaato-no-naka-o-oshiete-kureru_ch1\08.jpg,text_bubble+text_free,manifest_ocr_box,manifest_ocr_box,1284,1843,4,6,6,5,"{'preprocess_ms': 79.2141999991145, 'inference_ms': 7976.25780000817, 'postprocess_ms': 0.2917999809142202, 'total_ms': 8055.763799988199}","{'preprocess_ms': 409.7628000017721, 'inference_postprocess_ms': 3632.61919998331, 'total_ms': 4042.381999985082}","{'tp': 4, 'fp': 2, 'fn': 0, 'precision': 0.6666666666666666, 'recall': 1.0, 'mean_iou_matched': 0.711686617292345}","{'tp': 0, 'fp': 5, 'fn': 4, 'precision': 0.0, 'recall': 0.0, 'mean_iou_matched': None}",,
tonari-no-seki-no-seijo-sama-wa-ore-ni-kossori-sukaato-no-naka-o-oshiete-kureru_ch1/09.jpg,C:\Users\User\Documents\TachiyomiAT-1.16.8-dev\TachiyomiAT-1.16.8-dev\TachiyomiAT-1.16.8-dev\_gui_probe\dl_out\tonari-no-seki-no-seijo-sama-wa-ore-ni-kossori-sukaato-no-naka-o-oshiete-kureru_ch1\09.jpg,text_bubble,manifest_ocr_box,manifest_ocr_box,1284,1843,6,10,10,13,"{'preprocess_ms': 128.00760002573952, 'inference_ms': 8868.707199988421, 'postprocess_ms': 1.254500006325543, 'total_ms': 8997.969300020486}","{'preprocess_ms': 373.6748999799602, 'inference_postprocess_ms': 4339.748600003077, 'total_ms': 4713.423499983037}","{'tp': 5, 'fp': 5, 'fn': 1, 'precision': 0.5, 'recall': 0.8333333333333334, 'mean_iou_matched': 0.6603678670670876}","{'tp': 0, 'fp': 13, 'fn': 6, 'precision': 0.0, 'recall': 0.0, 'mean_iou_matched': None}",,
tonari-no-seki-no-seijo-sama-wa-ore-ni-kossori-sukaato-no-naka-o-oshiete-kureru_ch1/10.jpg,C:\Users\User\Documents\TachiyomiAT-1.16.8-dev\TachiyomiAT-1.16.8-dev\TachiyomiAT-1.16.8-dev\_gui_probe\dl_out\tonari-no-seki-no-seijo-sama-wa-ore-ni-kossori-sukaato-no-naka-o-oshiete-kureru_ch1\10.jpg,text_bubble+text_free,manifest_ocr_box,manifest_ocr_box,1284,1843,12,16,16,23,"{'preprocess_ms': 110.50360000808723, 'inference_ms': 7178.226899995934, 'postprocess_ms': 15.747299999929965, 'total_ms': 7304.477800003951}","{'preprocess_ms': 422.79900002176873, 'inference_postprocess_ms': 3367.4722999858204, 'total_ms': 3790.271300007589}","{'tp': 11, 'fp': 5, 'fn': 1, 'precision': 0.6875, 'recall': 0.9166666666666666, 'mean_iou_matched': 0.7461177231110231}","{'tp': 0, 'fp': 23, 'fn': 12, 'precision': 0.0, 'recall': 0.0, 'mean_iou_matched': None}",,
tonari-no-seki-no-seijo-sama-wa-ore-ni-kossori-sukaato-no-naka-o-oshiete-kureru_ch1/11.jpg,C:\Users\User\Documents\TachiyomiAT-1.16.8-dev\TachiyomiAT-1.16.8-dev\TachiyomiAT-1.16.8-dev\_gui_probe\dl_out\tonari-no-seki-no-seijo-sama-wa-ore-ni-kossori-sukaato-no-naka-o-oshiete-kureru_ch1\11.jpg,text_bubble+text_free,manifest_ocr_box,manifest_ocr_box,1284,1843,7,14,14,17,"{'preprocess_ms': 113.13030001474544, 'inference_ms': 6167.474299989408, 'postprocess_ms': 0.520800007507205, 'total_ms': 6281.1254000116605}","{'preprocess_ms': 354.33289999491535, 'inference_postprocess_ms': 2808.232000010321, 'total_ms': 3162.5649000052363}","{'tp': 7, 'fp': 7, 'fn': 0, 'precision': 0.5, 'recall': 1.0, 'mean_iou_matched': 0.787828372938692}","{'tp': 0, 'fp': 17, 'fn': 7, 'precision': 0.0, 'recall': 0.0, 'mean_iou_matched': None}",,
tonari-no-seki-no-seijo-sama-wa-ore-ni-kossori-sukaato-no-naka-o-oshiete-kureru_ch1/12.jpg,C:\Users\User\Documents\TachiyomiAT-1.16.8-dev\TachiyomiAT-1.16.8-dev\TachiyomiAT-1.16.8-dev\_gui_probe\dl_out\tonari-no-seki-no-seijo-sama-wa-ore-ni-kossori-sukaato-no-naka-o-oshiete-kureru_ch1\12.jpg,text_bubble+text_free,manifest_ocr_box,manifest_ocr_box,1284,1843,8,16,16,20,"{'preprocess_ms': 66.77700000000186, 'inference_ms': 6558.771400013939, 'postprocess_ms': 0.742000003810972, 'total_ms': 6626.290400017751}","{'preprocess_ms': 290.137899981346, 'inference_postprocess_ms': 2682.0840000000317, 'total_ms': 2972.2218999813776}","{'tp': 8, 'fp': 8, 'fn': 0, 'precision': 0.5, 'recall': 1.0, 'mean_iou_matched': 0.7524584320439024}","{'tp': 0, 'fp': 20, 'fn': 8, 'precision': 0.0, 'recall': 0.0, 'mean_iou_matched': None}",,
tonari-no-seki-no-seijo-sama-wa-ore-ni-kossori-sukaato-no-naka-o-oshiete-kureru_ch1/13.jpg,C:\Users\User\Documents\TachiyomiAT-1.16.8-dev\TachiyomiAT-1.16.8-dev\TachiyomiAT-1.16.8-dev\_gui_probe\dl_out\tonari-no-seki-no-seijo-sama-wa-ore-ni-kossori-sukaato-no-naka-o-oshiete-kureru_ch1\13.jpg,text_bubble,manifest_ocr_box,manifest_ocr_box,1284,1843,6,12,12,8,"{'preprocess_ms': 136.306100001093, 'inference_ms': 7102.536099991994, 'postprocess_ms': 0.797300017438829, 'total_ms': 7239.639500010526}","{'preprocess_ms': 267.63789998949505, 'inference_postprocess_ms': 3560.4746000026353, 'total_ms': 3828.1124999921303}","{'tp': 6, 'fp': 6, 'fn': 0, 'precision': 0.5, 'recall': 1.0, 'mean_iou_matched': 0.7043729180301023}","{'tp': 0, 'fp': 8, 'fn': 6, 'precision': 0.0, 'recall': 0.0, 'mean_iou_matched': None}",,
tonari-no-seki-no-seijo-sama-wa-ore-ni-kossori-sukaato-no-naka-o-oshiete-kureru_ch1/14.jpg,C:\Users\User\Documents\TachiyomiAT-1.16.8-dev\TachiyomiAT-1.16.8-dev\TachiyomiAT-1.16.8-dev\_gui_probe\dl_out\tonari-no-seki-no-seijo-sama-wa-ore-ni-kossori-sukaato-no-naka-o-oshiete-kureru_ch1\14.jpg,unlabeled,manifest_ocr_box,manifest_ocr_box,1284,1843,0,13,13,15,"{'preprocess_ms': 106.82879999512807, 'inference_ms': 8132.755900005577, 'postprocess_ms': 1.052199979312718, 'total_ms': 8240.636899980018}","{'preprocess_ms': 219.7401000012178, 'inference_postprocess_ms': 2869.5676999923307, 'total_ms': 3089.3077999935485}","{'tp': 0, 'fp': 13, 'fn': 0, 'precision': 0.0, 'recall': None, 'mean_iou_matched': None}","{'tp': 0, 'fp': 15, 'fn': 0, 'precision': 0.0, 'recall': None, 'mean_iou_matched': None}",,
tonari-no-seki-no-seijo-sama-wa-ore-ni-kossori-sukaato-no-naka-o-oshiete-kureru_ch1/15.jpg,C:\Users\User\Documents\TachiyomiAT-1.16.8-dev\TachiyomiAT-1.16.8-dev\TachiyomiAT-1.16.8-dev\_gui_probe\dl_out\tonari-no-seki-no-seijo-sama-wa-ore-ni-kossori-sukaato-no-naka-o-oshiete-kureru_ch1\15.jpg,unlabeled,manifest_ocr_box,manifest_ocr_box,1284,1843,0,23,23,24,"{'preprocess_ms': 93.01479998975992, 'inference_ms': 8076.439700002084, 'postprocess_ms': 24.370400002226233, 'total_ms': 8193.82489999407}","{'preprocess_ms': 410.4540999978781, 'inference_postprocess_ms': 3855.503200000385, 'total_ms': 4265.957299998263}","{'tp': 0, 'fp': 23, 'fn': 0, 'precision': 0.0, 'recall': None, 'mean_iou_matched': None}","{'tp': 0, 'fp': 24, 'fn': 0, 'precision': 0.0, 'recall': None, 'mean_iou_matched': None}",,
tonari-no-seki-no-seijo-sama-wa-ore-ni-kossori-sukaato-no-naka-o-oshiete-kureru_ch1/16.jpg,C:\Users\User\Documents\TachiyomiAT-1.16.8-dev\TachiyomiAT-1.16.8-dev\TachiyomiAT-1.16.8-dev\_gui_probe\dl_out\tonari-no-seki-no-seijo-sama-wa-ore-ni-kossori-sukaato-no-naka-o-oshiete-kureru_ch1\16.jpg,unlabeled,manifest_ocr_box,manifest_ocr_box,1284,1843,0,2,2,3,"{'preprocess_ms': 149.64630000758916, 'inference_ms': 9185.458199994173, 'postprocess_ms': 0.21410000044852495, 'total_ms': 9335.31860000221}","{'preprocess_ms': 228.3842999895569, 'inference_postprocess_ms': 2729.966200015042, 'total_ms': 2958.350500004599}","{'tp': 0, 'fp': 2, 'fn': 0, 'precision': 0.0, 'recall': None, 'mean_iou_matched': None}","{'tp': 0, 'fp': 3, 'fn': 0, 'precision': 0.0, 'recall': None, 'mean_iou_matched': None}",,
tonari-no-seki-no-seijo-sama-wa-ore-ni-kossori-sukaato-no-naka-o-oshiete-kureru_ch1/17.jpg,C:\Users\User\Documents\TachiyomiAT-1.16.8-dev\TachiyomiAT-1.16.8-dev\TachiyomiAT-1.16.8-dev\_gui_probe\dl_out\tonari-no-seki-no-seijo-sama-wa-ore-ni-kossori-sukaato-no-naka-o-oshiete-kureru_ch1\17.jpg,unlabeled,manifest_ocr_box,manifest_ocr_box,1284,1843,0,5,5,6,"{'preprocess_ms': 110.52750001545064, 'inference_ms': 7630.375000007916, 'postprocess_ms': 0.5654999986290932, 'total_ms': 7741.468000021996}","{'preprocess_ms': 184.66349999653175, 'inference_postprocess_ms': 2073.1457000074442, 'total_ms': 2257.809200003976}","{'tp': 0, 'fp': 5, 'fn': 0, 'precision': 0.0, 'recall': None, 'mean_iou_matched': None}","{'tp': 0, 'fp': 6, 'fn': 0, 'precision': 0.0, 'recall': None, 'mean_iou_matched': None}",,
tonari-no-seki-no-seijo-sama-wa-ore-ni-kossori-sukaato-no-naka-o-oshiete-kureru_ch1/18.jpg,C:\Users\User\Documents\TachiyomiAT-1.16.8-dev\TachiyomiAT-1.16.8-dev\TachiyomiAT-1.16.8-dev\_gui_probe\dl_out\tonari-no-seki-no-seijo-sama-wa-ore-ni-kossori-sukaato-no-naka-o-oshiete-kureru_ch1\18.jpg,text_bubble+text_free,manifest_ocr_box,manifest_ocr_box,1284,1843,4,5,5,9,"{'preprocess_ms': 61.37270000181161, 'inference_ms': 5471.324200014351, 'postprocess_ms': 0.27180000324733555, 'total_ms': 5532.96870001941}","{'preprocess_ms': 173.50440000882372, 'inference_postprocess_ms': 2324.298399995314, 'total_ms': 2497.8028000041377}","{'tp': 3, 'fp': 2, 'fn': 1, 'precision': 0.6, 'recall': 0.75, 'mean_iou_matched': 0.8018264945149253}","{'tp': 0, 'fp': 9, 'fn': 4, 'precision': 0.0, 'recall': 0.0, 'mean_iou_matched': None}",,
watashitachi-ketsukon-shimashita-fuguu-na-ouji-to-tensai-majutsushi-wa-inochi-no-unmei-kyoudoutai_ch5/01.jpg,C:\Users\User\Documents\TachiyomiAT-1.16.8-dev\TachiyomiAT-1.16.8-dev\TachiyomiAT-1.16.8-dev\_gui_probe\dl_out\watashitachi-ketsukon-shimashita-fuguu-na-ouji-to-tensai-majutsushi-wa-inochi-no-unmei-kyoudoutai_ch5\01.jpg,text_bubble,manifest_ocr_box,manifest_ocr_box,1008,1433,3,6,6,6,"{'preprocess_ms': 119.4023999851197, 'inference_ms': 4835.310700000264, 'postprocess_ms': 0.6209000130183995, 'total_ms': 4955.333999998402}","{'preprocess_ms': 233.42559998854995, 'inference_postprocess_ms': 2056.7565000092145, 'total_ms': 2290.1820999977645}","{'tp': 3, 'fp': 3, 'fn': 0, 'precision': 0.5, 'recall': 1.0, 'mean_iou_matched': 0.7429200998649409}","{'tp': 0, 'fp': 6, 'fn': 3, 'precision': 0.0, 'recall': 0.0, 'mean_iou_matched': None}",,
watashitachi-ketsukon-shimashita-fuguu-na-ouji-to-tensai-majutsushi-wa-inochi-no-unmei-kyoudoutai_ch5/02.jpg,C:\Users\User\Documents\TachiyomiAT-1.16.8-dev\TachiyomiAT-1.16.8-dev\TachiyomiAT-1.16.8-dev\_gui_probe\dl_out\watashitachi-ketsukon-shimashita-fuguu-na-ouji-to-tensai-majutsushi-wa-inochi-no-unmei-kyoudoutai_ch5\02.jpg,text_bubble,manifest_ocr_box,manifest_ocr_box,1008,1433,3,6,6,6,"{'preprocess_ms': 44.80699999839999, 'inference_ms': 5928.822299989406, 'postprocess_ms': 0.28410000959411263, 'total_ms': 5973.9133999974}","{'preprocess_ms': 219.42979999585077, 'inference_postprocess_ms': 3029.2484000092372, 'total_ms': 3248.678200005088}","{'tp': 3, 'fp': 3, 'fn': 0, 'precision': 0.5, 'recall': 1.0, 'mean_iou_matched': 0.6670435973121488}","{'tp': 0, 'fp': 6, 'fn': 3, 'precision': 0.0, 'recall': 0.0, 'mean_iou_matched': None}",,
watashitachi-ketsukon-shimashita-fuguu-na-ouji-to-tensai-majutsushi-wa-inochi-no-unmei-kyoudoutai_ch5/03.jpg,C:\Users\User\Documents\TachiyomiAT-1.16.8-dev\TachiyomiAT-1.16.8-dev\TachiyomiAT-1.16.8-dev\_gui_probe\dl_out\watashitachi-ketsukon-shimashita-fuguu-na-ouji-to-tensai-majutsushi-wa-inochi-no-unmei-kyoudoutai_ch5\03.jpg,text_bubble,manifest_ocr_box,manifest_ocr_box,1008,1433,7,14,14,18,"{'preprocess_ms': 90.37479999824427, 'inference_ms': 8926.583399996161, 'postprocess_ms': 25.866500014672056, 'total_ms': 9042.824700009078}","{'preprocess_ms': 565.132799994899, 'inference_postprocess_ms': 3896.7764000117313, 'total_ms': 4461.90920000663}","{'tp': 7, 'fp': 7, 'fn': 0, 'precision': 0.5, 'recall': 1.0, 'mean_iou_matched': 0.7015799324858991}","{'tp': 0, 'fp': 18, 'fn': 7, 'precision': 0.0, 'recall': 0.0, 'mean_iou_matched': None}",,
watashitachi-ketsukon-shimashita-fuguu-na-ouji-to-tensai-majutsushi-wa-inochi-no-unmei-kyoudoutai_ch5/04.jpg,C:\Users\User\Documents\TachiyomiAT-1.16.8-dev\TachiyomiAT-1.16.8-dev\TachiyomiAT-1.16.8-dev\_gui_probe\dl_out\watashitachi-ketsukon-shimashita-fuguu-na-ouji-to-tensai-majutsushi-wa-inochi-no-unmei-kyoudoutai_ch5\04.jpg,text_bubble,manifest_ocr_box,manifest_ocr_box,1008,1433,6,13,13,12,"{'preprocess_ms': 100.29750000103377, 'inference_ms': 8933.20919998223, 'postprocess_ms': 16.79280001553707, 'total_ms': 9050.2994999988}","{'preprocess_ms': 451.26520001213066, 'inference_postprocess_ms': 3790.846899995813, 'total_ms': 4242.112100007944}","{'tp': 6, 'fp': 7, 'fn': 0, 'precision': 0.46153846153846156, 'recall': 1.0, 'mean_iou_matched': 0.7118716778345354}","{'tp': 0, 'fp': 12, 'fn': 6, 'precision': 0.0, 'recall': 0.0, 'mean_iou_matched': None}",,
watashitachi-ketsukon-shimashita-fuguu-na-ouji-to-tensai-majutsushi-wa-inochi-no-unmei-kyoudoutai_ch5/05.jpg,C:\Users\User\Documents\TachiyomiAT-1.16.8-dev\TachiyomiAT-1.16.8-dev\TachiyomiAT-1.16.8-dev\_gui_probe\dl_out\watashitachi-ketsukon-shimashita-fuguu-na-ouji-to-tensai-majutsushi-wa-inochi-no-unmei-kyoudoutai_ch5\05.jpg,text_bubble,manifest_ocr_box,manifest_ocr_box,1008,1433,2,4,4,5,"{'preprocess_ms': 124.26179999602027, 'inference_ms': 7109.069500002079, 'postprocess_ms': 0.5639999872073531, 'total_ms': 7233.895299985306}","{'preprocess_ms': 430.9157999814488, 'inference_postprocess_ms': 3276.084000011906, 'total_ms': 3706.999799993355}","{'tp': 2, 'fp': 2, 'fn': 0, 'precision': 0.5, 'recall': 1.0, 'mean_iou_matched': 0.7458275729843652}","{'tp': 0, 'fp': 5, 'fn': 2, 'precision': 0.0, 'recall': 0.0, 'mean_iou_matched': None}",,
watashitachi-ketsukon-shimashita-fuguu-na-ouji-to-tensai-majutsushi-wa-inochi-no-unmei-kyoudoutai_ch5/06.jpg,C:\Users\User\Documents\TachiyomiAT-1.16.8-dev\TachiyomiAT-1.16.8-dev\TachiyomiAT-1.16.8-dev\_gui_probe\dl_out\watashitachi-ketsukon-shimashita-fuguu-na-ouji-to-tensai-majutsushi-wa-inochi-no-unmei-kyoudoutai_ch5\06.jpg,text_bubble,manifest_ocr_box,manifest_ocr_box,1008,1433,4,8,8,8,"{'preprocess_ms': 87.05799997551367, 'inference_ms': 8228.579400019953, 'postprocess_ms': 0.37510000402107835, 'total_ms': 8316.012499999488}","{'preprocess_ms': 335.9385000076145, 'inference_postprocess_ms': 3535.7051999890245, 'total_ms': 3871.643699996639}","{'tp': 4, 'fp': 4, 'fn': 0, 'precision': 0.5, 'recall': 1.0, 'mean_iou_matched': 0.6279981330319097}","{'tp': 0, 'fp': 8, 'fn': 4, 'precision': 0.0, 'recall': 0.0, 'mean_iou_matched': None}",,
watashitachi-ketsukon-shimashita-fuguu-na-ouji-to-tensai-majutsushi-wa-inochi-no-unmei-kyoudoutai_ch5/07.jpg,C:\Users\User\Documents\TachiyomiAT-1.16.8-dev\TachiyomiAT-1.16.8-dev\TachiyomiAT-1.16.8-dev\_gui_probe\dl_out\watashitachi-ketsukon-shimashita-fuguu-na-ouji-to-tensai-majutsushi-wa-inochi-no-unmei-kyoudoutai_ch5\07.jpg,text_bubble,manifest_ocr_box,manifest_ocr_box,1008,1433,7,14,14,12,"{'preprocess_ms': 104.43959999247454, 'inference_ms': 7354.949000000488, 'postprocess_ms': 15.705900004832074, 'total_ms': 7475.094499997795}","{'preprocess_ms': 335.48249999876134, 'inference_postprocess_ms': 2934.482000011485, 'total_ms': 3269.9645000102464}","{'tp': 6, 'fp': 8, 'fn': 1, 'precision': 0.42857142857142855, 'recall': 0.8571428571428571, 'mean_iou_matched': 0.7137301519698873}","{'tp': 0, 'fp': 12, 'fn': 7, 'precision': 0.0, 'recall': 0.0, 'mean_iou_matched': None}",,
watashitachi-ketsukon-shimashita-fuguu-na-ouji-to-tensai-majutsushi-wa-inochi-no-unmei-kyoudoutai_ch5/08.jpg,C:\Users\User\Documents\TachiyomiAT-1.16.8-dev\TachiyomiAT-1.16.8-dev\TachiyomiAT-1.16.8-dev\_gui_probe\dl_out\watashitachi-ketsukon-shimashita-fuguu-na-ouji-to-tensai-majutsushi-wa-inochi-no-unmei-kyoudoutai_ch5\08.jpg,text_bubble,manifest_ocr_box,manifest_ocr_box,1008,1433,9,18,18,32,"{'preprocess_ms': 98.46700000343844, 'inference_ms': 7921.1418999766465, 'postprocess_ms': 18.776700017042458, 'total_ms': 8038.385599997127}","{'preprocess_ms': 327.47019999078475, 'inference_postprocess_ms': 3745.8961000083946, 'total_ms': 4073.3662999991793}","{'tp': 9, 'fp': 9, 'fn': 0, 'precision': 0.5, 'recall': 1.0, 'mean_iou_matched': 0.757805136692737}","{'tp': 0, 'fp': 32, 'fn': 9, 'precision': 0.0, 'recall': 0.0, 'mean_iou_matched': None}",,
watashitachi-ketsukon-shimashita-fuguu-na-ouji-to-tensai-majutsushi-wa-inochi-no-unmei-kyoudoutai_ch5/09.jpg,C:\Users\User\Documents\TachiyomiAT-1.16.8-dev\TachiyomiAT-1.16.8-dev\TachiyomiAT-1.16.8-dev\_gui_probe\dl_out\watashitachi-ketsukon-shimashita-fuguu-na-ouji-to-tensai-majutsushi-wa-inochi-no-unmei-kyoudoutai_ch5\09.jpg,text_bubble,manifest_ocr_box,manifest_ocr_box,1008,1433,4,11,11,21,"{'preprocess_ms': 102.92860001209192, 'inference_ms': 6891.122200002428, 'postprocess_ms': 0.33829998574219644, 'total_ms': 6994.389100000262}","{'preprocess_ms': 299.8037000070326, 'inference_postprocess_ms': 2745.4656999907456, 'total_ms': 3045.2693999977782}","{'tp': 4, 'fp': 7, 'fn': 0, 'precision': 0.36363636363636365, 'recall': 1.0, 'mean_iou_matched': 0.7486295103105003}","{'tp': 0, 'fp': 21, 'fn': 4, 'precision': 0.0, 'recall': 0.0, 'mean_iou_matched': None}",,
watashitachi-ketsukon-shimashita-fuguu-na-ouji-to-tensai-majutsushi-wa-inochi-no-unmei-kyoudoutai_ch5/10.jpg,C:\Users\User\Documents\TachiyomiAT-1.16.8-dev\TachiyomiAT-1.16.8-dev\TachiyomiAT-1.16.8-dev\_gui_probe\dl_out\watashitachi-ketsukon-shimashita-fuguu-na-ouji-to-tensai-majutsushi-wa-inochi-no-unmei-kyoudoutai_ch5\10.jpg,text_bubble+text_free,manifest_ocr_box,manifest_ocr_box,1008,1433,9,14,14,20,"{'preprocess_ms': 123.40390001190826, 'inference_ms': 10699.09270000062, 'postprocess_ms': 18.01469997735694, 'total_ms': 10840.511299989885}","{'preprocess_ms': 314.3902000156231, 'inference_postprocess_ms': 5060.364200006006, 'total_ms': 5374.754400021629}","{'tp': 9, 'fp': 5, 'fn': 0, 'precision': 0.6428571428571429, 'recall': 1.0, 'mean_iou_matched': 0.7062189838528582}","{'tp': 0, 'fp': 20, 'fn': 9, 'precision': 0.0, 'recall': 0.0, 'mean_iou_matched': None}",,
watashitachi-ketsukon-shimashita-fuguu-na-ouji-to-tensai-majutsushi-wa-inochi-no-unmei-kyoudoutai_ch5/11.jpg,C:\Users\User\Documents\TachiyomiAT-1.16.8-dev\TachiyomiAT-1.16.8-dev\TachiyomiAT-1.16.8-dev\_gui_probe\dl_out\watashitachi-ketsukon-shimashita-fuguu-na-ouji-to-tensai-majutsushi-wa-inochi-no-unmei-kyoudoutai_ch5\11.jpg,text_bubble,manifest_ocr_box,manifest_ocr_box,1008,1433,7,14,14,19,"{'preprocess_ms': 180.14160002348945, 'inference_ms': 9312.868899985915, 'postprocess_ms': 0.6468000065069646, 'total_ms': 9493.657300015911}","{'preprocess_ms': 257.9835000215098, 'inference_postprocess_ms': 4097.302899986971, 'total_ms': 4355.286400008481}","{'tp': 7, 'fp': 7, 'fn': 0, 'precision': 0.5, 'recall': 1.0, 'mean_iou_matched': 0.7557125375930708}","{'tp': 0, 'fp': 19, 'fn': 7, 'precision': 0.0, 'recall': 0.0, 'mean_iou_matched': None}",,
watashitachi-ketsukon-shimashita-fuguu-na-ouji-to-tensai-majutsushi-wa-inochi-no-unmei-kyoudoutai_ch5/12.jpg,C:\Users\User\Documents\TachiyomiAT-1.16.8-dev\TachiyomiAT-1.16.8-dev\TachiyomiAT-1.16.8-dev\_gui_probe\dl_out\watashitachi-ketsukon-shimashita-fuguu-na-ouji-to-tensai-majutsushi-wa-inochi-no-unmei-kyoudoutai_ch5\12.jpg,text_bubble,manifest_ocr_box,manifest_ocr_box,1008,1433,9,18,18,22,"{'preprocess_ms': 111.50240001734346, 'inference_ms': 7715.128000010736, 'postprocess_ms': 20.486899971729144, 'total_ms': 7847.117299999809}","{'preprocess_ms': 368.82479998166673, 'inference_postprocess_ms': 3351.1668000137433, 'total_ms': 3719.99159999541}","{'tp': 9, 'fp': 9, 'fn': 0, 'precision': 0.5, 'recall': 1.0, 'mean_iou_matched': 0.796877644246276}","{'tp': 0, 'fp': 22, 'fn': 9, 'precision': 0.0, 'recall': 0.0, 'mean_iou_matched': None}",,
watashitachi-ketsukon-shimashita-fuguu-na-ouji-to-tensai-majutsushi-wa-inochi-no-unmei-kyoudoutai_ch5/13.jpg,C:\Users\User\Documents\TachiyomiAT-1.16.8-dev\TachiyomiAT-1.16.8-dev\TachiyomiAT-1.16.8-dev\_gui_probe\dl_out\watashitachi-ketsukon-shimashita-fuguu-na-ouji-to-tensai-majutsushi-wa-inochi-no-unmei-kyoudoutai_ch5\13.jpg,text_bubble,manifest_ocr_box,manifest_ocr_box,1008,1433,6,12,12,22,"{'preprocess_ms': 90.38029998191632, 'inference_ms': 9241.11279999488, 'postprocess_ms': 0.42100000428035855, 'total_ms': 9331.914099981077}","{'preprocess_ms': 347.8467999957502, 'inference_postprocess_ms': 4405.924699996831, 'total_ms': 4753.771499992581}","{'tp': 6, 'fp': 6, 'fn': 0, 'precision': 0.5, 'recall': 1.0, 'mean_iou_matched': 0.7223167897937696}","{'tp': 0, 'fp': 22, 'fn': 6, 'precision': 0.0, 'recall': 0.0, 'mean_iou_matched': None}",,
watashitachi-ketsukon-shimashita-fuguu-na-ouji-to-tensai-majutsushi-wa-inochi-no-unmei-kyoudoutai_ch5/14.jpg,C:\Users\User\Documents\TachiyomiAT-1.16.8-dev\TachiyomiAT-1.16.8-dev\TachiyomiAT-1.16.8-dev\_gui_probe\dl_out\watashitachi-ketsukon-shimashita-fuguu-na-ouji-to-tensai-majutsushi-wa-inochi-no-unmei-kyoudoutai_ch5\14.jpg,text_bubble,manifest_ocr_box,manifest_ocr_box,1008,1433,5,11,11,12,"{'preprocess_ms': 155.13619998819195, 'inference_ms': 11739.356200007023, 'postprocess_ms': 16.212300019105896, 'total_ms': 11910.704700014321}","{'preprocess_ms': 405.5727999948431, 'inference_postprocess_ms': 3641.7245999909937, 'total_ms': 4047.297399985837}","{'tp': 5, 'fp': 6, 'fn': 0, 'precision': 0.45454545454545453, 'recall': 1.0, 'mean_iou_matched': 0.7264234757886234}","{'tp': 0, 'fp': 12, 'fn': 5, 'precision': 0.0, 'recall': 0.0, 'mean_iou_matched': None}",,
watashitachi-ketsukon-shimashita-fuguu-na-ouji-to-tensai-majutsushi-wa-inochi-no-unmei-kyoudoutai_ch5/15.jpg,C:\Users\User\Documents\TachiyomiAT-1.16.8-dev\TachiyomiAT-1.16.8-dev\TachiyomiAT-1.16.8-dev\_gui_probe\dl_out\watashitachi-ketsukon-shimashita-fuguu-na-ouji-to-tensai-majutsushi-wa-inochi-no-unmei-kyoudoutai_ch5\15.jpg,text_bubble,manifest_ocr_box,manifest_ocr_box,1008,1433,6,12,12,22,"{'preprocess_ms': 92.19169997959398, 'inference_ms': 9798.158599995077, 'postprocess_ms': 1.0031000128947198, 'total_ms': 9891.353399987565}","{'preprocess_ms': 320.17890000133775, 'inference_postprocess_ms': 2987.5880000181496, 'total_ms': 3307.7669000194874}","{'tp': 6, 'fp': 6, 'fn': 0, 'precision': 0.5, 'recall': 1.0, 'mean_iou_matched': 0.7389816156169502}","{'tp': 0, 'fp': 22, 'fn': 6, 'precision': 0.0, 'recall': 0.0, 'mean_iou_matched': None}",,
watashitachi-ketsukon-shimashita-fuguu-na-ouji-to-tensai-majutsushi-wa-inochi-no-unmei-kyoudoutai_ch5/16.jpg,C:\Users\User\Documents\TachiyomiAT-1.16.8-dev\TachiyomiAT-1.16.8-dev\TachiyomiAT-1.16.8-dev\_gui_probe\dl_out\watashitachi-ketsukon-shimashita-fuguu-na-ouji-to-tensai-majutsushi-wa-inochi-no-unmei-kyoudoutai_ch5\16.jpg,text_bubble,manifest_ocr_box,manifest_ocr_box,1008,1433,7,14,14,13,"{'preprocess_ms': 103.57370000565425, 'inference_ms': 8415.984000021126, 'postprocess_ms': 14.681499975267798, 'total_ms': 8534.239200002048}","{'preprocess_ms': 503.42160000582226, 'inference_postprocess_ms': 3889.7074999986216, 'total_ms': 4393.129100004444}","{'tp': 7, 'fp': 7, 'fn': 0, 'precision': 0.5, 'recall': 1.0, 'mean_iou_matched': 0.6905403861615059}","{'tp': 0, 'fp': 13, 'fn': 7, 'precision': 0.0, 'recall': 0.0, 'mean_iou_matched': None}",,
watashitachi-ketsukon-shimashita-fuguu-na-ouji-to-tensai-majutsushi-wa-inochi-no-unmei-kyoudoutai_ch5/17.jpg,C:\Users\User\Documents\TachiyomiAT-1.16.8-dev\TachiyomiAT-1.16.8-dev\TachiyomiAT-1.16.8-dev\_gui_probe\dl_out\watashitachi-ketsukon-shimashita-fuguu-na-ouji-to-tensai-majutsushi-wa-inochi-no-unmei-kyoudoutai_ch5\17.jpg,text_bubble,manifest_ocr_box,manifest_ocr_box,1008,1433,10,20,20,22,"{'preprocess_ms': 95.32289998605847, 'inference_ms': 8932.439299998805, 'postprocess_ms': 1.7731999978423119, 'total_ms': 9029.535399982706}","{'preprocess_ms': 398.38839997537434, 'inference_postprocess_ms': 3648.618900013389, 'total_ms': 4047.0072999887634}","{'tp': 10, 'fp': 10, 'fn': 0, 'precision': 0.5, 'recall': 1.0, 'mean_iou_matched': 0.7083796214683749}","{'tp': 0, 'fp': 22, 'fn': 10, 'precision': 0.0, 'recall': 0.0, 'mean_iou_matched': None}",,
watashitachi-ketsukon-shimashita-fuguu-na-ouji-to-tensai-majutsushi-wa-inochi-no-unmei-kyoudoutai_ch5/18.jpg,C:\Users\User\Documents\TachiyomiAT-1.16.8-dev\TachiyomiAT-1.16.8-dev\TachiyomiAT-1.16.8-dev\_gui_probe\dl_out\watashitachi-ketsukon-shimashita-fuguu-na-ouji-to-tensai-majutsushi-wa-inochi-no-unmei-kyoudoutai_ch5\18.jpg,text_bubble,manifest_ocr_box,manifest_ocr_box,1008,1433,10,20,20,23,"{'preprocess_ms': 128.85710000409745, 'inference_ms': 8566.702999989502, 'postprocess_ms': 23.356999998213723, 'total_ms': 8718.917099991813}","{'preprocess_ms': 405.2924999850802, 'inference_postprocess_ms': 4576.737600000342, 'total_ms': 4982.030099985423}","{'tp': 10, 'fp': 10, 'fn': 0, 'precision': 0.5, 'recall': 1.0, 'mean_iou_matched': 0.7617424927803362}","{'tp': 0, 'fp': 23, 'fn': 10, 'precision': 0.0, 'recall': 0.0, 'mean_iou_matched': None}",,
watashitachi-ketsukon-shimashita-fuguu-na-ouji-to-tensai-majutsushi-wa-inochi-no-unmei-kyoudoutai_ch5/19.jpg,C:\Users\User\Documents\TachiyomiAT-1.16.8-dev\TachiyomiAT-1.16.8-dev\TachiyomiAT-1.16.8-dev\_gui_probe\dl_out\watashitachi-ketsukon-shimashita-fuguu-na-ouji-to-tensai-majutsushi-wa-inochi-no-unmei-kyoudoutai_ch5\19.jpg,text_bubble,manifest_ocr_box,manifest_ocr_box,1008,1433,9,18,18,20,"{'preprocess_ms': 126.5477999986615, 'inference_ms': 9407.19430000172, 'postprocess_ms': 1.3875000004190952, 'total_ms': 9535.1296000008}","{'preprocess_ms': 415.76679999707267, 'inference_postprocess_ms': 3573.163900000509, 'total_ms': 3988.9306999975815}","{'tp': 9, 'fp': 9, 'fn': 0, 'precision': 0.5, 'recall': 1.0, 'mean_iou_matched': 0.7672880596291857}","{'tp': 0, 'fp': 20, 'fn': 9, 'precision': 0.0, 'recall': 0.0, 'mean_iou_matched': None}",,
watashitachi-ketsukon-shimashita-fuguu-na-ouji-to-tensai-majutsushi-wa-inochi-no-unmei-kyoudoutai_ch5/20.jpg,C:\Users\User\Documents\TachiyomiAT-1.16.8-dev\TachiyomiAT-1.16.8-dev\TachiyomiAT-1.16.8-dev\_gui_probe\dl_out\watashitachi-ketsukon-shimashita-fuguu-na-ouji-to-tensai-majutsushi-wa-inochi-no-unmei-kyoudoutai_ch5\20.jpg,text_bubble,manifest_ocr_box,manifest_ocr_box,1008,1433,6,12,12,12,"{'preprocess_ms': 126.91150000318885, 'inference_ms': 10174.980300012976, 'postprocess_ms': 26.76089998567477, 'total_ms': 10328.65270000184}","{'preprocess_ms': 687.7132999943569, 'inference_postprocess_ms': 4086.262099997839, 'total_ms': 4773.975399992196}","{'tp': 6, 'fp': 6, 'fn': 0, 'precision': 0.5, 'recall': 1.0, 'mean_iou_matched': 0.7094624235654475}","{'tp': 0, 'fp': 12, 'fn': 6, 'precision': 0.0, 'recall': 0.0, 'mean_iou_matched': None}",,
watashitachi-ketsukon-shimashita-fuguu-na-ouji-to-tensai-majutsushi-wa-inochi-no-unmei-kyoudoutai_ch5/21.jpg,C:\Users\User\Documents\TachiyomiAT-1.16.8-dev\TachiyomiAT-1.16.8-dev\TachiyomiAT-1.16.8-dev\_gui_probe\dl_out\watashitachi-ketsukon-shimashita-fuguu-na-ouji-to-tensai-majutsushi-wa-inochi-no-unmei-kyoudoutai_ch5\21.jpg,text_bubble,manifest_ocr_box,manifest_ocr_box,1008,1433,6,12,12,15,"{'preprocess_ms': 97.4798999959603, 'inference_ms': 8216.801899980055, 'postprocess_ms': 13.499200023943558, 'total_ms': 8327.780999999959}","{'preprocess_ms': 441.94160000188276, 'inference_postprocess_ms': 3616.0341000068, 'total_ms': 4057.975700008683}","{'tp': 6, 'fp': 6, 'fn': 0, 'precision': 0.5, 'recall': 1.0, 'mean_iou_matched': 0.787799415799809}","{'tp': 0, 'fp': 15, 'fn': 6, 'precision': 0.0, 'recall': 0.0, 'mean_iou_matched': None}",,
watashitachi-ketsukon-shimashita-fuguu-na-ouji-to-tensai-majutsushi-wa-inochi-no-unmei-kyoudoutai_ch5/22.jpg,C:\Users\User\Documents\TachiyomiAT-1.16.8-dev\TachiyomiAT-1.16.8-dev\TachiyomiAT-1.16.8-dev\_gui_probe\dl_out\watashitachi-ketsukon-shimashita-fuguu-na-ouji-to-tensai-majutsushi-wa-inochi-no-unmei-kyoudoutai_ch5\22.jpg,text_bubble+text_free,manifest_ocr_box,manifest_ocr_box,1008,1433,8,13,13,28,"{'preprocess_ms': 104.33980001835153, 'inference_ms': 9833.49520000047, 'postprocess_ms': 15.605199994752184, 'total_ms': 9953.440200013574}","{'preprocess_ms': 364.51499999384396, 'inference_postprocess_ms': 4406.778200005647, 'total_ms': 4771.293199999491}","{'tp': 8, 'fp': 5, 'fn': 0, 'precision': 0.6153846153846154, 'recall': 1.0, 'mean_iou_matched': 0.7465131173523252}","{'tp': 0, 'fp': 28, 'fn': 8, 'precision': 0.0, 'recall': 0.0, 'mean_iou_matched': None}",,
watashitachi-ketsukon-shimashita-fuguu-na-ouji-to-tensai-majutsushi-wa-inochi-no-unmei-kyoudoutai_ch5/23.jpg,C:\Users\User\Documents\TachiyomiAT-1.16.8-dev\TachiyomiAT-1.16.8-dev\TachiyomiAT-1.16.8-dev\_gui_probe\dl_out\watashitachi-ketsukon-shimashita-fuguu-na-ouji-to-tensai-majutsushi-wa-inochi-no-unmei-kyoudoutai_ch5\23.jpg,text_bubble+text_free,manifest_ocr_box,manifest_ocr_box,1008,1433,7,13,13,16,"{'preprocess_ms': 140.20930000697263, 'inference_ms': 8941.048500011675, 'postprocess_ms': 11.626999999862164, 'total_ms': 9092.88480001851}","{'preprocess_ms': 271.7764000117313, 'inference_postprocess_ms': 4333.329999994021, 'total_ms': 4605.106400005752}","{'tp': 7, 'fp': 6, 'fn': 0, 'precision': 0.5384615384615384, 'recall': 1.0, 'mean_iou_matched': 0.7167158774154639}","{'tp': 0, 'fp': 16, 'fn': 7, 'precision': 0.0, 'recall': 0.0, 'mean_iou_matched': None}",,
watashitachi-ketsukon-shimashita-fuguu-na-ouji-to-tensai-majutsushi-wa-inochi-no-unmei-kyoudoutai_ch5/24.jpg,C:\Users\User\Documents\TachiyomiAT-1.16.8-dev\TachiyomiAT-1.16.8-dev\TachiyomiAT-1.16.8-dev\_gui_probe\dl_out\watashitachi-ketsukon-shimashita-fuguu-na-ouji-to-tensai-majutsushi-wa-inochi-no-unmei-kyoudoutai_ch5\24.jpg,text_bubble,manifest_ocr_box,manifest_ocr_box,1008,1433,6,12,12,18,"{'preprocess_ms': 161.21590000693686, 'inference_ms': 9386.0502000025, 'postprocess_ms': 0.6935000128578395, 'total_ms': 9547.959600022295}","{'preprocess_ms': 329.44950001547113, 'inference_postprocess_ms': 4079.785699985223, 'total_ms': 4409.235200000694}","{'tp': 6, 'fp': 6, 'fn': 0, 'precision': 0.5, 'recall': 1.0, 'mean_iou_matched': 0.7337190652465287}","{'tp': 0, 'fp': 18, 'fn': 6, 'precision': 0.0, 'recall': 0.0, 'mean_iou_matched': None}",,
watashitachi-ketsukon-shimashita-fuguu-na-ouji-to-tensai-majutsushi-wa-inochi-no-unmei-kyoudoutai_ch5/25.jpg,C:\Users\User\Documents\TachiyomiAT-1.16.8-dev\TachiyomiAT-1.16.8-dev\TachiyomiAT-1.16.8-dev\_gui_probe\dl_out\watashitachi-ketsukon-shimashita-fuguu-na-ouji-to-tensai-majutsushi-wa-inochi-no-unmei-kyoudoutai_ch5\25.jpg,text_bubble,manifest_ocr_box,manifest_ocr_box,1008,1433,5,10,10,11,"{'preprocess_ms': 151.42279997235164, 'inference_ms': 7750.445700017735, 'postprocess_ms': 0.6184999947436154, 'total_ms': 7902.486999984831}","{'preprocess_ms': 310.3801000106614, 'inference_postprocess_ms': 3229.252199991606, 'total_ms': 3539.6323000022676}","{'tp': 5, 'fp': 5, 'fn': 0, 'precision': 0.5, 'recall': 1.0, 'mean_iou_matched': 0.7516735864946322}","{'tp': 0, 'fp': 11, 'fn': 5, 'precision': 0.0, 'recall': 0.0, 'mean_iou_matched': None}",,
watashitachi-ketsukon-shimashita-fuguu-na-ouji-to-tensai-majutsushi-wa-inochi-no-unmei-kyoudoutai_ch5/26.jpg,C:\Users\User\Documents\TachiyomiAT-1.16.8-dev\TachiyomiAT-1.16.8-dev\TachiyomiAT-1.16.8-dev\_gui_probe\dl_out\watashitachi-ketsukon-shimashita-fuguu-na-ouji-to-tensai-majutsushi-wa-inochi-no-unmei-kyoudoutai_ch5\26.jpg,text_bubble+text_free,manifest_ocr_box,manifest_ocr_box,1008,1433,3,5,5,6,"{'preprocess_ms': 110.22219998994842, 'inference_ms': 9608.20029999013, 'postprocess_ms': 27.197200019145384, 'total_ms': 9745.619699999224}","{'preprocess_ms': 480.7456000125967, 'inference_postprocess_ms': 4030.977799993707, 'total_ms': 4511.723400006304}","{'tp': 2, 'fp': 3, 'fn': 1, 'precision': 0.4, 'recall': 0.6666666666666666, 'mean_iou_matched': 0.7300050800621738}","{'tp': 0, 'fp': 6, 'fn': 3, 'precision': 0.0, 'recall': 0.0, 'mean_iou_matched': None}",,
