width_mode,batch_size,phase,page_id,batch_index,regions,batch_width,rec_preprocess_ms,rec_inference_ms,rec_postprocess_ms,text_mismatch_count,token_mismatch_count,max_logit_abs_diff
bucketed,1,cold_first_page,supplied:ore-ni-trauma-wo-ataeta-joshitachi-ga-chirachira-mitekuru-kedo-zannen-desu-ga-teokure-desu_ch16:01.jpg,0,1,640,6.142,404.3153,3.6239,0,0,0.0
bucketed,1,cold_first_page,supplied:ore-ni-trauma-wo-ataeta-joshitachi-ga-chirachira-mitekuru-kedo-zannen-desu-ga-teokure-desu_ch16:01.jpg,1,1,640,4.1236,399.6059,7.8291,0,0,0.0
bucketed,1,warm,supplied:ore-ni-trauma-wo-ataeta-joshitachi-ga-chirachira-mitekuru-kedo-zannen-desu-ga-teokure-desu_ch16:02.jpg,0,1,640,4.2581,401.652,3.7326,0,0,0.0
bucketed,1,warm,supplied:ore-ni-trauma-wo-ataeta-joshitachi-ga-chirachira-mitekuru-kedo-zannen-desu-ga-teokure-desu_ch16:02.jpg,1,1,640,2.921,251.4518,1.4165,0,0,0.0
bucketed,1,warm,supplied:ore-ni-trauma-wo-ataeta-joshitachi-ga-chirachira-mitekuru-kedo-zannen-desu-ga-teokure-desu_ch16:02.jpg,2,1,640,1.2429,438.8309,6.9403,0,0,0.0
bucketed,1,warm,supplied:ore-ni-trauma-wo-ataeta-joshitachi-ga-chirachira-mitekuru-kedo-zannen-desu-ga-teokure-desu_ch16:02.jpg,3,1,640,1.3272,403.6594,5.8896,0,0,0.0
bucketed,1,warm,supplied:ore-ni-trauma-wo-ataeta-joshitachi-ga-chirachira-mitekuru-kedo-zannen-desu-ga-teokure-desu_ch16:02.jpg,4,1,640,2.0383,453.9959,1.828,0,0,0.0
bucketed,1,warm,supplied:ore-ni-trauma-wo-ataeta-joshitachi-ga-chirachira-mitekuru-kedo-zannen-desu-ga-teokure-desu_ch16:02.jpg,5,1,640,1.0423,458.9521,2.1021,0,0,0.0
bucketed,1,warm,supplied:ore-ni-trauma-wo-ataeta-joshitachi-ga-chirachira-mitekuru-kedo-zannen-desu-ga-teokure-desu_ch16:02.jpg,6,1,640,2.3102,409.7254,5.8697,0,0,0.0
bucketed,1,warm,supplied:ore-ni-trauma-wo-ataeta-joshitachi-ga-chirachira-mitekuru-kedo-zannen-desu-ga-teokure-desu_ch16:02.jpg,7,1,640,1.2165,486.225,15.7256,0,0,0.0
bucketed,1,warm,supplied:ore-ni-trauma-wo-ataeta-joshitachi-ga-chirachira-mitekuru-kedo-zannen-desu-ga-teokure-desu_ch16:02.jpg,8,1,640,1.2412999999999998,472.9735,5.0301,0,0,0.0
bucketed,1,warm,supplied:ore-ni-trauma-wo-ataeta-joshitachi-ga-chirachira-mitekuru-kedo-zannen-desu-ga-teokure-desu_ch16:02.jpg,9,1,640,10.310699999999999,333.7694,1.4517,0,0,0.0
bucketed,1,warm,supplied:ore-ni-trauma-wo-ataeta-joshitachi-ga-chirachira-mitekuru-kedo-zannen-desu-ga-teokure-desu_ch16:02.jpg,10,1,640,4.5906,308.4563,4.287,0,0,0.0
bucketed,1,warm,supplied:ore-ni-trauma-wo-ataeta-joshitachi-ga-chirachira-mitekuru-kedo-zannen-desu-ga-teokure-desu_ch16:02.jpg,11,1,640,2.3245,317.3632,1.4791,0,0,0.0
bucketed,1,warm,supplied:ore-ni-trauma-wo-ataeta-joshitachi-ga-chirachira-mitekuru-kedo-zannen-desu-ga-teokure-desu_ch16:02.jpg,12,1,640,1.1364999999999998,343.9122,2.1219,0,0,0.0
bucketed,1,warm,supplied:ore-ni-trauma-wo-ataeta-joshitachi-ga-chirachira-mitekuru-kedo-zannen-desu-ga-teokure-desu_ch16:02.jpg,13,1,640,3.9505,252.6506,1.7674,0,0,0.0
bucketed,1,warm,supplied:ore-ni-trauma-wo-ataeta-joshitachi-ga-chirachira-mitekuru-kedo-zannen-desu-ga-teokure-desu_ch16:02.jpg,14,1,640,4.1613,335.7083,4.7509,0,0,0.0
bucketed,1,warm,supplied:ore-ni-trauma-wo-ataeta-joshitachi-ga-chirachira-mitekuru-kedo-zannen-desu-ga-teokure-desu_ch16:02.jpg,15,1,640,5.9034,288.7706,3.5358,0,0,0.0
bucketed,1,warm,supplied:ore-ni-trauma-wo-ataeta-joshitachi-ga-chirachira-mitekuru-kedo-zannen-desu-ga-teokure-desu_ch16:02.jpg,16,1,640,4.0845,284.7407,2.7228,0,0,0.0
bucketed,1,warm,supplied:ore-ni-trauma-wo-ataeta-joshitachi-ga-chirachira-mitekuru-kedo-zannen-desu-ga-teokure-desu_ch16:02.jpg,17,1,640,1.108,400.8222,3.5082,0,0,0.0
bucketed,1,warm,supplied:ore-ni-trauma-wo-ataeta-joshitachi-ga-chirachira-mitekuru-kedo-zannen-desu-ga-teokure-desu_ch16:03.jpg,0,1,640,1.2205,323.8112,4.9338,0,0,0.0
bucketed,1,warm,supplied:ore-ni-trauma-wo-ataeta-joshitachi-ga-chirachira-mitekuru-kedo-zannen-desu-ga-teokure-desu_ch16:03.jpg,1,1,640,2.9965,294.1838,7.6022,0,0,0.0
bucketed,1,warm,supplied:ore-ni-trauma-wo-ataeta-joshitachi-ga-chirachira-mitekuru-kedo-zannen-desu-ga-teokure-desu_ch16:03.jpg,2,1,640,6.219,316.2287,3.6201,0,0,0.0
bucketed,1,warm,supplied:ore-ni-trauma-wo-ataeta-joshitachi-ga-chirachira-mitekuru-kedo-zannen-desu-ga-teokure-desu_ch16:03.jpg,3,1,640,4.6758,339.2958,4.93,0,0,0.0
bucketed,1,warm,supplied:ore-ni-trauma-wo-ataeta-joshitachi-ga-chirachira-mitekuru-kedo-zannen-desu-ga-teokure-desu_ch16:03.jpg,4,1,640,1.2182,824.0168,1.9657,0,0,0.0
bucketed,1,warm,supplied:ore-ni-trauma-wo-ataeta-joshitachi-ga-chirachira-mitekuru-kedo-zannen-desu-ga-teokure-desu_ch16:03.jpg,5,1,640,20.9448,443.0944,1.8909,0,0,0.0
bucketed,1,warm,supplied:ore-ni-trauma-wo-ataeta-joshitachi-ga-chirachira-mitekuru-kedo-zannen-desu-ga-teokure-desu_ch16:03.jpg,6,1,640,5.4772,456.7675,1.7582,0,0,0.0
bucketed,1,warm,supplied:ore-ni-trauma-wo-ataeta-joshitachi-ga-chirachira-mitekuru-kedo-zannen-desu-ga-teokure-desu_ch16:03.jpg,7,1,640,7.0659,583.6228,5.2317,0,0,0.0
bucketed,1,warm,supplied:ore-ni-trauma-wo-ataeta-joshitachi-ga-chirachira-mitekuru-kedo-zannen-desu-ga-teokure-desu_ch16:03.jpg,8,1,640,5.0928,384.809,1.6354,0,0,0.0
bucketed,1,warm,supplied:ore-ni-trauma-wo-ataeta-joshitachi-ga-chirachira-mitekuru-kedo-zannen-desu-ga-teokure-desu_ch16:03.jpg,9,1,640,8.226,336.8056,4.5729,0,0,0.0
bucketed,1,warm,supplied:ore-ni-trauma-wo-ataeta-joshitachi-ga-chirachira-mitekuru-kedo-zannen-desu-ga-teokure-desu_ch16:03.jpg,10,1,640,3.8098,353.688,4.1828,0,0,0.0
bucketed,1,warm,supplied:ore-ni-trauma-wo-ataeta-joshitachi-ga-chirachira-mitekuru-kedo-zannen-desu-ga-teokure-desu_ch16:03.jpg,11,1,640,3.0996,508.3061,7.4174,0,0,0.0
bucketed,1,warm,supplied:ore-ni-trauma-wo-ataeta-joshitachi-ga-chirachira-mitekuru-kedo-zannen-desu-ga-teokure-desu_ch16:03.jpg,12,1,640,1.3738,436.7334,5.0042,0,0,0.0
bucketed,1,warm,supplied:ore-ni-trauma-wo-ataeta-joshitachi-ga-chirachira-mitekuru-kedo-zannen-desu-ga-teokure-desu_ch16:03.jpg,13,1,640,2.8229,543.3461,5.9344,0,0,0.0
bucketed,1,warm,supplied:ore-ni-trauma-wo-ataeta-joshitachi-ga-chirachira-mitekuru-kedo-zannen-desu-ga-teokure-desu_ch16:03.jpg,14,1,640,2.1698,341.2034,1.8732,0,0,0.0
bucketed,1,warm,supplied:ore-ni-trauma-wo-ataeta-joshitachi-ga-chirachira-mitekuru-kedo-zannen-desu-ga-teokure-desu_ch16:03.jpg,15,1,640,4.4058,285.8981,3.2188,0,0,0.0
bucketed,1,warm,supplied:ore-ni-trauma-wo-ataeta-joshitachi-ga-chirachira-mitekuru-kedo-zannen-desu-ga-teokure-desu_ch16:04.jpg,0,1,640,1.0319,269.6751,2.2021,0,0,0.0
bucketed,1,warm,supplied:ore-ni-trauma-wo-ataeta-joshitachi-ga-chirachira-mitekuru-kedo-zannen-desu-ga-teokure-desu_ch16:04.jpg,1,1,640,2.7796,263.1728,3.1342,0,0,0.0
bucketed,1,warm,supplied:ore-ni-trauma-wo-ataeta-joshitachi-ga-chirachira-mitekuru-kedo-zannen-desu-ga-teokure-desu_ch16:04.jpg,2,1,640,1.2604,305.893,3.9364,0,0,0.0
bucketed,1,warm,supplied:ore-ni-trauma-wo-ataeta-joshitachi-ga-chirachira-mitekuru-kedo-zannen-desu-ga-teokure-desu_ch16:04.jpg,3,1,640,1.7027999999999999,369.8693,5.2422,0,0,0.0
bucketed,1,warm,supplied:ore-ni-trauma-wo-ataeta-joshitachi-ga-chirachira-mitekuru-kedo-zannen-desu-ga-teokure-desu_ch16:04.jpg,4,1,640,4.5586,273.1924,4.1547,0,0,0.0
bucketed,1,warm,supplied:ore-ni-trauma-wo-ataeta-joshitachi-ga-chirachira-mitekuru-kedo-zannen-desu-ga-teokure-desu_ch16:04.jpg,5,1,640,2.9503999999999997,250.0149,1.6888,0,0,0.0
bucketed,1,warm,supplied:ore-ni-trauma-wo-ataeta-joshitachi-ga-chirachira-mitekuru-kedo-zannen-desu-ga-teokure-desu_ch16:04.jpg,6,1,640,3.5008,484.4487,9.7615,0,0,0.0
bucketed,1,warm,supplied:ore-ni-trauma-wo-ataeta-joshitachi-ga-chirachira-mitekuru-kedo-zannen-desu-ga-teokure-desu_ch16:04.jpg,7,1,640,1.3220999999999998,393.4483,9.919,0,0,0.0
bucketed,1,warm,supplied:ore-ni-trauma-wo-ataeta-joshitachi-ga-chirachira-mitekuru-kedo-zannen-desu-ga-teokure-desu_ch16:04.jpg,8,1,640,7.7561,330.6939,4.7796,0,0,0.0
bucketed,1,warm,supplied:ore-ni-trauma-wo-ataeta-joshitachi-ga-chirachira-mitekuru-kedo-zannen-desu-ga-teokure-desu_ch16:04.jpg,9,1,640,2.4573,687.2104,1.4262,0,0,0.0
bucketed,1,warm,supplied:ore-ni-trauma-wo-ataeta-joshitachi-ga-chirachira-mitekuru-kedo-zannen-desu-ga-teokure-desu_ch16:04.jpg,10,1,640,7.477799999999999,835.0956,2.344,0,0,0.0
bucketed,1,warm,supplied:ore-ni-trauma-wo-ataeta-joshitachi-ga-chirachira-mitekuru-kedo-zannen-desu-ga-teokure-desu_ch16:04.jpg,11,1,640,6.7963,444.478,1.7841,0,0,0.0
bucketed,1,warm,supplied:ore-ni-trauma-wo-ataeta-joshitachi-ga-chirachira-mitekuru-kedo-zannen-desu-ga-teokure-desu_ch16:04.jpg,12,1,640,5.0746,446.5364,4.9959,0,0,0.0
bucketed,1,warm,supplied:ore-ni-trauma-wo-ataeta-joshitachi-ga-chirachira-mitekuru-kedo-zannen-desu-ga-teokure-desu_ch16:04.jpg,13,1,640,4.7682,336.33,2.3698,0,0,0.0
bucketed,1,warm,supplied:ore-ni-trauma-wo-ataeta-joshitachi-ga-chirachira-mitekuru-kedo-zannen-desu-ga-teokure-desu_ch16:05.jpg,0,1,640,6.2249,430.608,7.7008,0,0,0.0
bucketed,1,warm,supplied:ore-ni-trauma-wo-ataeta-joshitachi-ga-chirachira-mitekuru-kedo-zannen-desu-ga-teokure-desu_ch16:05.jpg,1,1,640,6.1774000000000004,572.042,1.4959,0,0,0.0
bucketed,1,warm,supplied:ore-ni-trauma-wo-ataeta-joshitachi-ga-chirachira-mitekuru-kedo-zannen-desu-ga-teokure-desu_ch16:05.jpg,2,1,640,1.5838999999999999,537.1744,13.3525,0,0,0.0
bucketed,1,warm,supplied:ore-ni-trauma-wo-ataeta-joshitachi-ga-chirachira-mitekuru-kedo-zannen-desu-ga-teokure-desu_ch16:05.jpg,3,1,640,9.1001,506.2398,6.6341,0,0,0.0
bucketed,1,warm,supplied:ore-ni-trauma-wo-ataeta-joshitachi-ga-chirachira-mitekuru-kedo-zannen-desu-ga-teokure-desu_ch16:05.jpg,4,1,640,6.4517,512.5415,1.4433,0,0,0.0
bucketed,1,warm,supplied:ore-ni-trauma-wo-ataeta-joshitachi-ga-chirachira-mitekuru-kedo-zannen-desu-ga-teokure-desu_ch16:05.jpg,5,1,640,1.5838999999999999,608.1059,2.0798,0,0,0.0
bucketed,1,warm,supplied:ore-ni-trauma-wo-ataeta-joshitachi-ga-chirachira-mitekuru-kedo-zannen-desu-ga-teokure-desu_ch16:05.jpg,6,1,640,14.7711,519.7206,7.1422,0,0,0.0
bucketed,1,warm,supplied:ore-ni-trauma-wo-ataeta-joshitachi-ga-chirachira-mitekuru-kedo-zannen-desu-ga-teokure-desu_ch16:05.jpg,7,1,640,5.9894,409.3356,7.3412,0,0,0.0
bucketed,1,warm,supplied:ore-ni-trauma-wo-ataeta-joshitachi-ga-chirachira-mitekuru-kedo-zannen-desu-ga-teokure-desu_ch16:05.jpg,8,1,640,6.33,408.9754,4.474,0,0,0.0
bucketed,1,warm,supplied:ore-ni-trauma-wo-ataeta-joshitachi-ga-chirachira-mitekuru-kedo-zannen-desu-ga-teokure-desu_ch16:05.jpg,9,1,640,4.685,946.8826,1.684,0,0,0.0
bucketed,1,warm,supplied:ore-ni-trauma-wo-ataeta-joshitachi-ga-chirachira-mitekuru-kedo-zannen-desu-ga-teokure-desu_ch16:05.jpg,10,1,640,1.0673000000000001,1211.1192,13.9424,0,0,0.0
bucketed,1,warm,supplied:ore-ni-trauma-wo-ataeta-joshitachi-ga-chirachira-mitekuru-kedo-zannen-desu-ga-teokure-desu_ch16:05.jpg,11,1,640,1.3575000000000002,755.284,10.8037,0,0,0.0
bucketed,1,warm,supplied:ore-ni-trauma-wo-ataeta-joshitachi-ga-chirachira-mitekuru-kedo-zannen-desu-ga-teokure-desu_ch16:05.jpg,12,1,640,1.2865,798.3166,2.4908,0,0,0.0
bucketed,1,warm,supplied:ore-ni-trauma-wo-ataeta-joshitachi-ga-chirachira-mitekuru-kedo-zannen-desu-ga-teokure-desu_ch16:05.jpg,13,1,640,7.6743999999999994,1096.25,15.8564,0,0,0.0
bucketed,1,warm,supplied:ore-ni-trauma-wo-ataeta-joshitachi-ga-chirachira-mitekuru-kedo-zannen-desu-ga-teokure-desu_ch16:06.jpg,0,1,640,1.6200999999999999,573.6602,1.665,0,0,0.0
bucketed,1,warm,supplied:ore-ni-trauma-wo-ataeta-joshitachi-ga-chirachira-mitekuru-kedo-zannen-desu-ga-teokure-desu_ch16:06.jpg,1,1,640,11.4443,795.9875,1.5359,0,0,0.0
bucketed,1,warm,supplied:ore-ni-trauma-wo-ataeta-joshitachi-ga-chirachira-mitekuru-kedo-zannen-desu-ga-teokure-desu_ch16:06.jpg,2,1,640,9.2998,804.0101,7.5614,0,0,0.0
bucketed,1,warm,supplied:ore-ni-trauma-wo-ataeta-joshitachi-ga-chirachira-mitekuru-kedo-zannen-desu-ga-teokure-desu_ch16:06.jpg,3,1,640,10.7208,770.5789,1.8222,0,0,0.0
bucketed,1,warm,supplied:ore-ni-trauma-wo-ataeta-joshitachi-ga-chirachira-mitekuru-kedo-zannen-desu-ga-teokure-desu_ch16:06.jpg,4,1,640,11.8903,911.1261,9.8683,0,0,0.0
bucketed,1,warm,supplied:ore-ni-trauma-wo-ataeta-joshitachi-ga-chirachira-mitekuru-kedo-zannen-desu-ga-teokure-desu_ch16:06.jpg,5,1,640,1.5985,865.8466,12.2681,0,0,0.0
bucketed,1,warm,supplied:ore-ni-trauma-wo-ataeta-joshitachi-ga-chirachira-mitekuru-kedo-zannen-desu-ga-teokure-desu_ch16:06.jpg,6,1,640,1.1751,1262.2163,2.4974,0,0,0.0
bucketed,1,warm,supplied:ore-ni-trauma-wo-ataeta-joshitachi-ga-chirachira-mitekuru-kedo-zannen-desu-ga-teokure-desu_ch16:06.jpg,7,1,640,16.0156,1335.9121,1.7908,0,0,0.0
bucketed,1,warm,supplied:ore-ni-trauma-wo-ataeta-joshitachi-ga-chirachira-mitekuru-kedo-zannen-desu-ga-teokure-desu_ch16:07.jpg,0,1,640,1.1822000000000001,684.1639,5.6387,0,0,0.0
bucketed,1,warm,supplied:ore-ni-trauma-wo-ataeta-joshitachi-ga-chirachira-mitekuru-kedo-zannen-desu-ga-teokure-desu_ch16:07.jpg,1,1,640,1.3217999999999999,687.8149,9.3271,0,0,0.0
bucketed,1,warm,supplied:ore-ni-trauma-wo-ataeta-joshitachi-ga-chirachira-mitekuru-kedo-zannen-desu-ga-teokure-desu_ch16:07.jpg,2,1,640,15.4956,888.347,2.1333,0,0,0.0
bucketed,1,warm,supplied:ore-ni-trauma-wo-ataeta-joshitachi-ga-chirachira-mitekuru-kedo-zannen-desu-ga-teokure-desu_ch16:07.jpg,3,1,640,9.412899999999999,696.4912,13.7112,0,0,0.0
bucketed,1,warm,supplied:ore-ni-trauma-wo-ataeta-joshitachi-ga-chirachira-mitekuru-kedo-zannen-desu-ga-teokure-desu_ch16:07.jpg,4,1,640,12.9998,1055.377,3.1304,0,0,0.0
bucketed,1,warm,supplied:ore-ni-trauma-wo-ataeta-joshitachi-ga-chirachira-mitekuru-kedo-zannen-desu-ga-teokure-desu_ch16:07.jpg,5,1,640,12.580300000000001,1057.6768,2.0156,0,0,0.0
bucketed,1,warm,supplied:ore-ni-trauma-wo-ataeta-joshitachi-ga-chirachira-mitekuru-kedo-zannen-desu-ga-teokure-desu_ch16:07.jpg,6,1,640,19.453200000000002,1005.9691,22.9353,0,0,0.0
bucketed,1,warm,supplied:ore-ni-trauma-wo-ataeta-joshitachi-ga-chirachira-mitekuru-kedo-zannen-desu-ga-teokure-desu_ch16:07.jpg,7,1,640,1.1165,1078.7529,14.9064,0,0,0.0
bucketed,1,warm,supplied:ore-ni-trauma-wo-ataeta-joshitachi-ga-chirachira-mitekuru-kedo-zannen-desu-ga-teokure-desu_ch16:07.jpg,8,1,640,1.3047,1262.0578,13.3102,0,0,0.0
bucketed,1,warm,supplied:ore-ni-trauma-wo-ataeta-joshitachi-ga-chirachira-mitekuru-kedo-zannen-desu-ga-teokure-desu_ch16:07.jpg,9,1,640,1.2287,945.3987,1.6402,0,0,0.0
bucketed,1,warm,supplied:ore-ni-trauma-wo-ataeta-joshitachi-ga-chirachira-mitekuru-kedo-zannen-desu-ga-teokure-desu_ch16:07.jpg,10,1,640,1.0101,1085.1955,13.9368,0,0,0.0
bucketed,1,warm,supplied:ore-ni-trauma-wo-ataeta-joshitachi-ga-chirachira-mitekuru-kedo-zannen-desu-ga-teokure-desu_ch16:07.jpg,11,1,640,2.669,981.5134,1.4481,0,0,0.0
bucketed,1,warm,supplied:ore-ni-trauma-wo-ataeta-joshitachi-ga-chirachira-mitekuru-kedo-zannen-desu-ga-teokure-desu_ch16:07.jpg,12,1,640,7.5078000000000005,723.1135,14.5911,0,0,0.0
bucketed,1,warm,supplied:ore-ni-trauma-wo-ataeta-joshitachi-ga-chirachira-mitekuru-kedo-zannen-desu-ga-teokure-desu_ch16:07.jpg,13,1,640,1.5677,793.9873,1.9182,0,0,0.0
bucketed,1,warm,supplied:ore-ni-trauma-wo-ataeta-joshitachi-ga-chirachira-mitekuru-kedo-zannen-desu-ga-teokure-desu_ch16:07.jpg,14,1,640,15.4528,593.9505,8.5864,0,0,0.0
bucketed,1,warm,supplied:ore-ni-trauma-wo-ataeta-joshitachi-ga-chirachira-mitekuru-kedo-zannen-desu-ga-teokure-desu_ch16:07.jpg,15,1,640,2.5198,563.4448,8.6616,0,0,0.0
bucketed,1,warm,supplied:ore-ni-trauma-wo-ataeta-joshitachi-ga-chirachira-mitekuru-kedo-zannen-desu-ga-teokure-desu_ch16:07.jpg,16,1,640,7.249099999999999,605.1863,11.2212,0,0,0.0
bucketed,1,warm,supplied:ore-ni-trauma-wo-ataeta-joshitachi-ga-chirachira-mitekuru-kedo-zannen-desu-ga-teokure-desu_ch16:07.jpg,17,1,640,11.404200000000001,524.4263,3.705,0,0,0.0
bucketed,1,warm,supplied:ore-ni-trauma-wo-ataeta-joshitachi-ga-chirachira-mitekuru-kedo-zannen-desu-ga-teokure-desu_ch16:07.jpg,18,1,640,2.2521,731.9486,1.4101,0,0,0.0
bucketed,1,warm,supplied:ore-ni-trauma-wo-ataeta-joshitachi-ga-chirachira-mitekuru-kedo-zannen-desu-ga-teokure-desu_ch16:07.jpg,19,1,640,0.9839,1033.6091,1.7408,0,0,0.0
bucketed,1,warm,supplied:ore-ni-trauma-wo-ataeta-joshitachi-ga-chirachira-mitekuru-kedo-zannen-desu-ga-teokure-desu_ch16:07.jpg,20,1,640,1.4574,995.4427,1.4831,0,0,0.0
bucketed,1,warm,supplied:ore-ni-trauma-wo-ataeta-joshitachi-ga-chirachira-mitekuru-kedo-zannen-desu-ga-teokure-desu_ch16:07.jpg,21,1,640,15.6532,874.8459,2.4422,0,0,0.0
bucketed,1,warm,supplied:ore-ni-trauma-wo-ataeta-joshitachi-ga-chirachira-mitekuru-kedo-zannen-desu-ga-teokure-desu_ch16:07.jpg,22,1,640,1.1040999999999999,502.9714,11.5434,0,0,0.0
bucketed,1,warm,supplied:ore-ni-trauma-wo-ataeta-joshitachi-ga-chirachira-mitekuru-kedo-zannen-desu-ga-teokure-desu_ch16:07.jpg,23,1,640,1.0835000000000001,614.3333,1.663,0,0,0.0
bucketed,1,warm,supplied:ore-ni-trauma-wo-ataeta-joshitachi-ga-chirachira-mitekuru-kedo-zannen-desu-ga-teokure-desu_ch16:07.jpg,24,1,640,9.192599999999999,707.7343,8.5071,0,0,0.0
bucketed,1,warm,supplied:ore-ni-trauma-wo-ataeta-joshitachi-ga-chirachira-mitekuru-kedo-zannen-desu-ga-teokure-desu_ch16:07.jpg,25,1,640,7.3303,973.8882,10.4428,0,0,0.0
bucketed,1,warm,supplied:ore-ni-trauma-wo-ataeta-joshitachi-ga-chirachira-mitekuru-kedo-zannen-desu-ga-teokure-desu_ch16:07.jpg,26,1,640,1.9886,1317.271,2.0312,0,0,0.0
bucketed,1,warm,supplied:ore-ni-trauma-wo-ataeta-joshitachi-ga-chirachira-mitekuru-kedo-zannen-desu-ga-teokure-desu_ch16:07.jpg,27,1,640,22.3829,968.0814,2.4189,0,0,0.0
bucketed,1,warm,supplied:ore-ni-trauma-wo-ataeta-joshitachi-ga-chirachira-mitekuru-kedo-zannen-desu-ga-teokure-desu_ch16:07.jpg,28,1,640,1.1311,1035.5678,13.7578,0,0,0.0
bucketed,1,warm,supplied:ore-ni-trauma-wo-ataeta-joshitachi-ga-chirachira-mitekuru-kedo-zannen-desu-ga-teokure-desu_ch16:07.jpg,29,1,640,9.780100000000001,899.2454,2.4199,0,0,0.0
bucketed,1,warm,supplied:ore-ni-trauma-wo-ataeta-joshitachi-ga-chirachira-mitekuru-kedo-zannen-desu-ga-teokure-desu_ch16:07.jpg,30,1,640,17.8189,984.4239,18.1034,0,0,0.0
bucketed,1,warm,supplied:ore-ni-trauma-wo-ataeta-joshitachi-ga-chirachira-mitekuru-kedo-zannen-desu-ga-teokure-desu_ch16:07.jpg,31,1,640,15.0253,995.7887,11.6398,0,0,0.0
bucketed,1,warm,supplied:ore-ni-trauma-wo-ataeta-joshitachi-ga-chirachira-mitekuru-kedo-zannen-desu-ga-teokure-desu_ch16:07.jpg,32,1,640,9.44,946.2257,2.0841,0,0,0.0
bucketed,1,warm,supplied:ore-ni-trauma-wo-ataeta-joshitachi-ga-chirachira-mitekuru-kedo-zannen-desu-ga-teokure-desu_ch16:07.jpg,33,1,640,26.3363,1126.5093,9.3076,0,0,0.0
bucketed,1,warm,supplied:ore-ni-trauma-wo-ataeta-joshitachi-ga-chirachira-mitekuru-kedo-zannen-desu-ga-teokure-desu_ch16:07.jpg,34,1,640,1.3200999999999998,966.2484,1.662,0,0,0.0
bucketed,1,warm,supplied:ore-ni-trauma-wo-ataeta-joshitachi-ga-chirachira-mitekuru-kedo-zannen-desu-ga-teokure-desu_ch16:08.jpg,0,1,640,1.2788,712.9532,14.8467,0,0,0.0
bucketed,1,warm,supplied:ore-ni-trauma-wo-ataeta-joshitachi-ga-chirachira-mitekuru-kedo-zannen-desu-ga-teokure-desu_ch16:08.jpg,1,1,640,1.3913,920.1033,15.8886,0,0,0.0
bucketed,1,warm,supplied:ore-ni-trauma-wo-ataeta-joshitachi-ga-chirachira-mitekuru-kedo-zannen-desu-ga-teokure-desu_ch16:08.jpg,2,1,640,1.5563,1083.0137,14.6258,0,0,0.0
bucketed,1,warm,supplied:ore-ni-trauma-wo-ataeta-joshitachi-ga-chirachira-mitekuru-kedo-zannen-desu-ga-teokure-desu_ch16:08.jpg,3,1,640,11.2702,805.2667,13.7204,0,0,0.0
bucketed,1,warm,supplied:ore-ni-trauma-wo-ataeta-joshitachi-ga-chirachira-mitekuru-kedo-zannen-desu-ga-teokure-desu_ch16:08.jpg,4,1,640,10.674000000000001,958.6434,9.5881,0,0,0.0
bucketed,1,warm,supplied:ore-ni-trauma-wo-ataeta-joshitachi-ga-chirachira-mitekuru-kedo-zannen-desu-ga-teokure-desu_ch16:08.jpg,5,1,640,10.763800000000002,853.4467,12.861,0,0,0.0
bucketed,1,warm,supplied:ore-ni-trauma-wo-ataeta-joshitachi-ga-chirachira-mitekuru-kedo-zannen-desu-ga-teokure-desu_ch16:08.jpg,6,1,640,1.6425999999999998,719.2598,1.877,0,0,0.0
bucketed,1,warm,supplied:ore-ni-trauma-wo-ataeta-joshitachi-ga-chirachira-mitekuru-kedo-zannen-desu-ga-teokure-desu_ch16:08.jpg,7,1,640,6.7574,1028.4218,1.6455,0,0,0.0
bucketed,1,warm,supplied:ore-ni-trauma-wo-ataeta-joshitachi-ga-chirachira-mitekuru-kedo-zannen-desu-ga-teokure-desu_ch16:08.jpg,8,1,640,10.0926,901.9031,2.955,0,0,0.0
bucketed,1,warm,supplied:ore-ni-trauma-wo-ataeta-joshitachi-ga-chirachira-mitekuru-kedo-zannen-desu-ga-teokure-desu_ch16:08.jpg,9,1,640,10.4916,870.1151,10.2075,0,0,0.0
bucketed,1,warm,supplied:ore-ni-trauma-wo-ataeta-joshitachi-ga-chirachira-mitekuru-kedo-zannen-desu-ga-teokure-desu_ch16:08.jpg,10,1,640,1.1514,719.3985,7.5822,0,0,0.0
bucketed,1,warm,supplied:ore-ni-trauma-wo-ataeta-joshitachi-ga-chirachira-mitekuru-kedo-zannen-desu-ga-teokure-desu_ch16:08.jpg,11,1,640,1.3132000000000001,881.2353,2.0509,0,0,0.0
bucketed,1,warm,supplied:ore-ni-trauma-wo-ataeta-joshitachi-ga-chirachira-mitekuru-kedo-zannen-desu-ga-teokure-desu_ch16:08.jpg,12,1,640,19.174999999999997,781.5749,1.7207,0,0,0.0
bucketed,1,warm,supplied:ore-ni-trauma-wo-ataeta-joshitachi-ga-chirachira-mitekuru-kedo-zannen-desu-ga-teokure-desu_ch16:09.jpg,0,1,640,9.517000000000001,764.8435,1.7213,0,0,0.0
bucketed,1,warm,supplied:ore-ni-trauma-wo-ataeta-joshitachi-ga-chirachira-mitekuru-kedo-zannen-desu-ga-teokure-desu_ch16:09.jpg,1,1,640,10.4255,775.6121,1.6601,0,0,0.0
bucketed,1,warm,supplied:ore-ni-trauma-wo-ataeta-joshitachi-ga-chirachira-mitekuru-kedo-zannen-desu-ga-teokure-desu_ch16:09.jpg,2,1,640,12.9209,796.5063,2.0805,0,0,0.0
bucketed,1,warm,supplied:ore-ni-trauma-wo-ataeta-joshitachi-ga-chirachira-mitekuru-kedo-zannen-desu-ga-teokure-desu_ch16:09.jpg,3,1,640,10.9946,871.2414,1.7066,0,0,0.0
bucketed,1,warm,supplied:ore-ni-trauma-wo-ataeta-joshitachi-ga-chirachira-mitekuru-kedo-zannen-desu-ga-teokure-desu_ch16:09.jpg,4,1,640,13.282300000000001,921.522,12.9181,0,0,0.0
bucketed,1,warm,supplied:ore-ni-trauma-wo-ataeta-joshitachi-ga-chirachira-mitekuru-kedo-zannen-desu-ga-teokure-desu_ch16:09.jpg,5,1,640,1.6496,555.384,5.8589,0,0,0.0
bucketed,1,warm,supplied:ore-ni-trauma-wo-ataeta-joshitachi-ga-chirachira-mitekuru-kedo-zannen-desu-ga-teokure-desu_ch16:09.jpg,6,1,640,7.385,491.3104,10.3063,0,0,0.0
bucketed,1,warm,supplied:ore-ni-trauma-wo-ataeta-joshitachi-ga-chirachira-mitekuru-kedo-zannen-desu-ga-teokure-desu_ch16:09.jpg,7,1,640,1.2735,697.2688,11.1059,0,0,0.0
bucketed,1,warm,supplied:ore-ni-trauma-wo-ataeta-joshitachi-ga-chirachira-mitekuru-kedo-zannen-desu-ga-teokure-desu_ch16:09.jpg,8,1,640,8.7403,669.4252,9.642,0,0,0.0
bucketed,1,warm,supplied:ore-ni-trauma-wo-ataeta-joshitachi-ga-chirachira-mitekuru-kedo-zannen-desu-ga-teokure-desu_ch16:09.jpg,9,1,640,14.2615,781.7797,8.4175,0,0,0.0
bucketed,1,warm,supplied:ore-ni-trauma-wo-ataeta-joshitachi-ga-chirachira-mitekuru-kedo-zannen-desu-ga-teokure-desu_ch16:09.jpg,10,1,640,8.9391,640.6717,6.2622,0,0,0.0
bucketed,1,warm,supplied:ore-ni-trauma-wo-ataeta-joshitachi-ga-chirachira-mitekuru-kedo-zannen-desu-ga-teokure-desu_ch16:09.jpg,11,1,640,2.0031,526.8163,2.1751,0,0,0.0
bucketed,1,warm,supplied:ore-ni-trauma-wo-ataeta-joshitachi-ga-chirachira-mitekuru-kedo-zannen-desu-ga-teokure-desu_ch16:09.jpg,12,1,640,8.4192,668.8236,1.4714,0,0,0.0
bucketed,1,warm,supplied:ore-ni-trauma-wo-ataeta-joshitachi-ga-chirachira-mitekuru-kedo-zannen-desu-ga-teokure-desu_ch16:09.jpg,13,1,640,1.0427,687.2654,10.2888,0,0,0.0
bucketed,1,warm,supplied:ore-ni-trauma-wo-ataeta-joshitachi-ga-chirachira-mitekuru-kedo-zannen-desu-ga-teokure-desu_ch16:09.jpg,14,1,640,1.4534,635.1338,11.0595,0,0,0.0
bucketed,1,warm,supplied:ore-ni-trauma-wo-ataeta-joshitachi-ga-chirachira-mitekuru-kedo-zannen-desu-ga-teokure-desu_ch16:09.jpg,15,1,640,1.3135999999999999,840.8591,10.5757,0,0,0.0
bucketed,1,warm,supplied:ore-ni-trauma-wo-ataeta-joshitachi-ga-chirachira-mitekuru-kedo-zannen-desu-ga-teokure-desu_ch16:09.jpg,16,1,640,1.2713999999999999,981.5649,1.8221,0,0,0.0
bucketed,1,warm,supplied:ore-ni-trauma-wo-ataeta-joshitachi-ga-chirachira-mitekuru-kedo-zannen-desu-ga-teokure-desu_ch16:09.jpg,17,1,640,1.4169,875.4199,13.2083,0,0,0.0
bucketed,1,warm,supplied:ore-ni-trauma-wo-ataeta-joshitachi-ga-chirachira-mitekuru-kedo-zannen-desu-ga-teokure-desu_ch16:09.jpg,18,1,640,1.6634,944.2151,12.4038,0,0,0.0
bucketed,1,warm,supplied:ore-ni-trauma-wo-ataeta-joshitachi-ga-chirachira-mitekuru-kedo-zannen-desu-ga-teokure-desu_ch16:09.jpg,19,1,640,1.1404,737.3305,8.062,0,0,0.0
bucketed,1,warm,supplied:ore-ni-trauma-wo-ataeta-joshitachi-ga-chirachira-mitekuru-kedo-zannen-desu-ga-teokure-desu_ch16:10.jpg,0,1,640,9.9035,480.7736,2.0652,0,0,0.0
bucketed,1,warm,supplied:ore-ni-trauma-wo-ataeta-joshitachi-ga-chirachira-mitekuru-kedo-zannen-desu-ga-teokure-desu_ch16:10.jpg,1,1,640,4.1544,545.0147,7.5363,0,0,0.0
bucketed,1,warm,supplied:ore-ni-trauma-wo-ataeta-joshitachi-ga-chirachira-mitekuru-kedo-zannen-desu-ga-teokure-desu_ch16:10.jpg,2,1,640,1.8409,505.0319,2.7919,0,0,0.0
bucketed,1,warm,supplied:ore-ni-trauma-wo-ataeta-joshitachi-ga-chirachira-mitekuru-kedo-zannen-desu-ga-teokure-desu_ch16:10.jpg,3,1,640,14.6236,784.6698,2.896,0,0,0.0
bucketed,1,warm,supplied:ore-ni-trauma-wo-ataeta-joshitachi-ga-chirachira-mitekuru-kedo-zannen-desu-ga-teokure-desu_ch16:10.jpg,4,1,640,18.202,640.351,8.263,0,0,0.0
bucketed,1,warm,supplied:ore-ni-trauma-wo-ataeta-joshitachi-ga-chirachira-mitekuru-kedo-zannen-desu-ga-teokure-desu_ch16:10.jpg,5,1,640,1.8712,701.0372,8.6308,0,0,0.0
bucketed,1,warm,supplied:ore-ni-trauma-wo-ataeta-joshitachi-ga-chirachira-mitekuru-kedo-zannen-desu-ga-teokure-desu_ch16:10.jpg,6,1,640,11.5961,760.5907,25.0782,0,0,0.0
bucketed,1,warm,supplied:ore-ni-trauma-wo-ataeta-joshitachi-ga-chirachira-mitekuru-kedo-zannen-desu-ga-teokure-desu_ch16:10.jpg,7,1,640,16.433699999999998,767.9486,1.3975,0,0,0.0
bucketed,1,warm,supplied:ore-ni-trauma-wo-ataeta-joshitachi-ga-chirachira-mitekuru-kedo-zannen-desu-ga-teokure-desu_ch16:10.jpg,8,1,640,1.0334,749.7043,16.2296,0,0,0.0
bucketed,1,warm,supplied:ore-ni-trauma-wo-ataeta-joshitachi-ga-chirachira-mitekuru-kedo-zannen-desu-ga-teokure-desu_ch16:10.jpg,9,1,640,13.946299999999999,683.1357,9.0422,0,0,0.0
bucketed,1,warm,supplied:ore-ni-trauma-wo-ataeta-joshitachi-ga-chirachira-mitekuru-kedo-zannen-desu-ga-teokure-desu_ch16:10.jpg,10,1,640,1.2924,767.3286,2.1987,0,0,0.0
bucketed,1,warm,supplied:ore-ni-trauma-wo-ataeta-joshitachi-ga-chirachira-mitekuru-kedo-zannen-desu-ga-teokure-desu_ch16:10.jpg,11,1,640,11.058800000000002,970.2139,13.0531,0,0,0.0
bucketed,1,warm,supplied:ore-ni-trauma-wo-ataeta-joshitachi-ga-chirachira-mitekuru-kedo-zannen-desu-ga-teokure-desu_ch16:10.jpg,12,1,640,11.3506,1204.1783,10.7083,0,0,0.0
bucketed,1,warm,supplied:ore-ni-trauma-wo-ataeta-joshitachi-ga-chirachira-mitekuru-kedo-zannen-desu-ga-teokure-desu_ch16:10.jpg,13,1,640,11.7987,812.3523,10.1711,0,0,0.0
bucketed,1,warm,supplied:ore-ni-trauma-wo-ataeta-joshitachi-ga-chirachira-mitekuru-kedo-zannen-desu-ga-teokure-desu_ch16:10.jpg,14,1,640,1.8589,648.9643,10.186,0,0,0.0
bucketed,1,warm,supplied:ore-ni-trauma-wo-ataeta-joshitachi-ga-chirachira-mitekuru-kedo-zannen-desu-ga-teokure-desu_ch16:10.jpg,15,1,640,2.3115,705.5448,14.3728,0,0,0.0
bucketed,1,warm,supplied:ore-ni-trauma-wo-ataeta-joshitachi-ga-chirachira-mitekuru-kedo-zannen-desu-ga-teokure-desu_ch16:10.jpg,16,1,640,1.3389,796.6654,1.4599,0,0,0.0
bucketed,1,warm,supplied:ore-ni-trauma-wo-ataeta-joshitachi-ga-chirachira-mitekuru-kedo-zannen-desu-ga-teokure-desu_ch16:10.jpg,17,1,640,15.898,588.6809,13.7516,0,0,0.0
bucketed,1,warm,supplied:ore-ni-trauma-wo-ataeta-joshitachi-ga-chirachira-mitekuru-kedo-zannen-desu-ga-teokure-desu_ch16:10.jpg,18,1,640,12.330200000000001,1342.6399,26.7025,0,0,0.0
bucketed,1,warm,supplied:ore-ni-trauma-wo-ataeta-joshitachi-ga-chirachira-mitekuru-kedo-zannen-desu-ga-teokure-desu_ch16:10.jpg,19,1,640,1.4734,962.1615,13.3351,0,0,0.0
bucketed,1,warm,supplied:ore-ni-trauma-wo-ataeta-joshitachi-ga-chirachira-mitekuru-kedo-zannen-desu-ga-teokure-desu_ch16:10.jpg,20,1,640,12.496,1147.4787,11.7301,0,0,0.0
bucketed,1,warm,supplied:ore-ni-trauma-wo-ataeta-joshitachi-ga-chirachira-mitekuru-kedo-zannen-desu-ga-teokure-desu_ch16:10.jpg,21,1,640,1.4367999999999999,1228.0142,16.8538,0,0,0.0
bucketed,1,warm,supplied:ore-ni-trauma-wo-ataeta-joshitachi-ga-chirachira-mitekuru-kedo-zannen-desu-ga-teokure-desu_ch16:10.jpg,22,1,640,6.6797,1167.5109,11.2624,0,0,0.0
bucketed,1,warm,supplied:ore-ni-trauma-wo-ataeta-joshitachi-ga-chirachira-mitekuru-kedo-zannen-desu-ga-teokure-desu_ch16:10.jpg,23,1,640,7.806,1035.9239,13.7236,0,0,0.0
bucketed,1,warm,supplied:ore-ni-trauma-wo-ataeta-joshitachi-ga-chirachira-mitekuru-kedo-zannen-desu-ga-teokure-desu_ch16:10.jpg,24,1,640,1.5,1260.5735,18.6881,0,0,0.0
bucketed,1,warm,supplied:ore-ni-trauma-wo-ataeta-joshitachi-ga-chirachira-mitekuru-kedo-zannen-desu-ga-teokure-desu_ch16:10.jpg,25,1,640,20.1365,1313.3575,1.5739,0,0,0.0
bucketed,1,warm,supplied:ore-ni-trauma-wo-ataeta-joshitachi-ga-chirachira-mitekuru-kedo-zannen-desu-ga-teokure-desu_ch16:10.jpg,26,1,640,6.9086,1230.077,16.7989,0,0,0.0
bucketed,1,warm,supplied:ore-ni-trauma-wo-ataeta-joshitachi-ga-chirachira-mitekuru-kedo-zannen-desu-ga-teokure-desu_ch16:11.jpg,0,1,640,9.298300000000001,1487.2314,1.9006,0,0,0.0
bucketed,1,warm,supplied:ore-ni-trauma-wo-ataeta-joshitachi-ga-chirachira-mitekuru-kedo-zannen-desu-ga-teokure-desu_ch16:11.jpg,1,1,640,14.8636,1076.5611,1.5128,0,0,0.0
bucketed,1,warm,supplied:ore-ni-trauma-wo-ataeta-joshitachi-ga-chirachira-mitekuru-kedo-zannen-desu-ga-teokure-desu_ch16:11.jpg,2,1,640,11.834100000000001,817.7662,1.6942,0,0,0.0
bucketed,1,warm,supplied:ore-ni-trauma-wo-ataeta-joshitachi-ga-chirachira-mitekuru-kedo-zannen-desu-ga-teokure-desu_ch16:11.jpg,3,1,640,13.646799999999999,1120.4646,13.3829,0,0,0.0
bucketed,1,warm,supplied:ore-ni-trauma-wo-ataeta-joshitachi-ga-chirachira-mitekuru-kedo-zannen-desu-ga-teokure-desu_ch16:11.jpg,4,1,640,10.2226,904.5512,11.8253,0,0,0.0
bucketed,1,warm,supplied:ore-ni-trauma-wo-ataeta-joshitachi-ga-chirachira-mitekuru-kedo-zannen-desu-ga-teokure-desu_ch16:11.jpg,5,1,640,1.3685,878.1788,24.4443,0,0,0.0
bucketed,1,warm,supplied:ore-ni-trauma-wo-ataeta-joshitachi-ga-chirachira-mitekuru-kedo-zannen-desu-ga-teokure-desu_ch16:11.jpg,6,1,640,22.8859,1101.6127,14.7684,0,0,0.0
bucketed,1,warm,supplied:ore-ni-trauma-wo-ataeta-joshitachi-ga-chirachira-mitekuru-kedo-zannen-desu-ga-teokure-desu_ch16:11.jpg,7,1,640,1.1643,1069.2847,16.8233,0,0,0.0
bucketed,1,warm,supplied:ore-ni-trauma-wo-ataeta-joshitachi-ga-chirachira-mitekuru-kedo-zannen-desu-ga-teokure-desu_ch16:11.jpg,8,1,640,14.4848,1116.7097,20.1842,0,0,0.0
bucketed,1,warm,supplied:ore-ni-trauma-wo-ataeta-joshitachi-ga-chirachira-mitekuru-kedo-zannen-desu-ga-teokure-desu_ch16:11.jpg,9,1,640,2.1479,929.3491,1.4784,0,0,0.0
bucketed,1,warm,supplied:ore-ni-trauma-wo-ataeta-joshitachi-ga-chirachira-mitekuru-kedo-zannen-desu-ga-teokure-desu_ch16:11.jpg,10,1,640,8.6171,795.2047,2.1139,0,0,0.0
bucketed,1,warm,supplied:ore-ni-trauma-wo-ataeta-joshitachi-ga-chirachira-mitekuru-kedo-zannen-desu-ga-teokure-desu_ch16:11.jpg,11,1,640,13.9133,1141.252,13.2901,0,0,0.0
bucketed,1,warm,supplied:ore-ni-trauma-wo-ataeta-joshitachi-ga-chirachira-mitekuru-kedo-zannen-desu-ga-teokure-desu_ch16:11.jpg,12,1,640,12.394900000000002,982.0597,21.3316,0,0,0.0
bucketed,1,warm,supplied:ore-ni-trauma-wo-ataeta-joshitachi-ga-chirachira-mitekuru-kedo-zannen-desu-ga-teokure-desu_ch16:11.jpg,13,1,640,1.6389,1415.6664,16.3672,0,0,0.0
bucketed,1,warm,supplied:ore-ni-trauma-wo-ataeta-joshitachi-ga-chirachira-mitekuru-kedo-zannen-desu-ga-teokure-desu_ch16:11.jpg,14,1,640,1.3426,1011.2119,12.8012,0,0,0.0
bucketed,1,warm,supplied:ore-ni-trauma-wo-ataeta-joshitachi-ga-chirachira-mitekuru-kedo-zannen-desu-ga-teokure-desu_ch16:11.jpg,15,1,640,1.8311000000000002,1062.3447,2.1777,0,0,0.0
bucketed,1,warm,supplied:ore-ni-trauma-wo-ataeta-joshitachi-ga-chirachira-mitekuru-kedo-zannen-desu-ga-teokure-desu_ch16:11.jpg,16,1,640,13.6511,1222.4499,15.3647,0,0,0.0
bucketed,1,warm,supplied:ore-ni-trauma-wo-ataeta-joshitachi-ga-chirachira-mitekuru-kedo-zannen-desu-ga-teokure-desu_ch16:11.jpg,17,1,640,1.2799,1056.3443,18.1538,0,0,0.0
bucketed,1,warm,supplied:ore-ni-trauma-wo-ataeta-joshitachi-ga-chirachira-mitekuru-kedo-zannen-desu-ga-teokure-desu_ch16:11.jpg,18,1,640,1.6204,1112.8261,15.4741,0,0,0.0
bucketed,1,warm,supplied:ore-ni-trauma-wo-ataeta-joshitachi-ga-chirachira-mitekuru-kedo-zannen-desu-ga-teokure-desu_ch16:11.jpg,19,1,640,19.2564,1026.3212,11.6098,0,0,0.0
bucketed,1,warm,supplied:ore-ni-trauma-wo-ataeta-joshitachi-ga-chirachira-mitekuru-kedo-zannen-desu-ga-teokure-desu_ch16:11.jpg,20,1,640,1.3968,1118.2898,3.4125,0,0,0.0
bucketed,1,warm,supplied:ore-ni-trauma-wo-ataeta-joshitachi-ga-chirachira-mitekuru-kedo-zannen-desu-ga-teokure-desu_ch16:11.jpg,21,1,640,18.9828,954.0598,1.9309,0,0,0.0
bucketed,1,warm,supplied:ore-ni-trauma-wo-ataeta-joshitachi-ga-chirachira-mitekuru-kedo-zannen-desu-ga-teokure-desu_ch16:11.jpg,22,1,640,11.2263,901.6862,1.9413,0,0,0.0
bucketed,1,warm,supplied:ore-ni-trauma-wo-ataeta-joshitachi-ga-chirachira-mitekuru-kedo-zannen-desu-ga-teokure-desu_ch16:11.jpg,23,1,640,1.2115,844.4279,10.2697,0,0,0.0
bucketed,1,warm,supplied:ore-ni-trauma-wo-ataeta-joshitachi-ga-chirachira-mitekuru-kedo-zannen-desu-ga-teokure-desu_ch16:11.jpg,24,1,640,1.4667,683.8236,1.8679,0,0,0.0
bucketed,1,warm,supplied:ore-ni-trauma-wo-ataeta-joshitachi-ga-chirachira-mitekuru-kedo-zannen-desu-ga-teokure-desu_ch16:11.jpg,25,1,640,10.231200000000001,808.0878,24.5213,0,0,0.0
bucketed,1,warm,supplied:ore-ni-trauma-wo-ataeta-joshitachi-ga-chirachira-mitekuru-kedo-zannen-desu-ga-teokure-desu_ch16:12.jpg,0,1,640,2.1201,1086.4541,13.1478,0,0,0.0
bucketed,1,warm,supplied:ore-ni-trauma-wo-ataeta-joshitachi-ga-chirachira-mitekuru-kedo-zannen-desu-ga-teokure-desu_ch16:12.jpg,1,1,640,10.784099999999999,738.8703,7.5052,0,0,0.0
bucketed,1,warm,supplied:ore-ni-trauma-wo-ataeta-joshitachi-ga-chirachira-mitekuru-kedo-zannen-desu-ga-teokure-desu_ch16:12.jpg,2,1,640,6.4329,712.2908,1.8932,0,0,0.0
bucketed,1,warm,supplied:ore-ni-trauma-wo-ataeta-joshitachi-ga-chirachira-mitekuru-kedo-zannen-desu-ga-teokure-desu_ch16:12.jpg,3,1,640,7.446899999999999,536.8036,1.591,0,0,0.0
bucketed,1,warm,supplied:ore-ni-trauma-wo-ataeta-joshitachi-ga-chirachira-mitekuru-kedo-zannen-desu-ga-teokure-desu_ch16:12.jpg,4,1,640,7.7404,505.8402,7.3771,0,0,0.0
bucketed,1,warm,supplied:ore-ni-trauma-wo-ataeta-joshitachi-ga-chirachira-mitekuru-kedo-zannen-desu-ga-teokure-desu_ch16:12.jpg,5,1,640,8.1069,418.3912,1.9643,0,0,0.0
bucketed,1,warm,supplied:ore-ni-trauma-wo-ataeta-joshitachi-ga-chirachira-mitekuru-kedo-zannen-desu-ga-teokure-desu_ch16:12.jpg,6,1,640,10.5535,499.1473,5.0352,0,0,0.0
bucketed,1,warm,supplied:ore-ni-trauma-wo-ataeta-joshitachi-ga-chirachira-mitekuru-kedo-zannen-desu-ga-teokure-desu_ch16:12.jpg,7,1,640,5.935300000000001,482.2092,11.554,0,0,0.0
bucketed,1,warm,supplied:ore-ni-trauma-wo-ataeta-joshitachi-ga-chirachira-mitekuru-kedo-zannen-desu-ga-teokure-desu_ch16:12.jpg,8,1,640,1.5171,546.9799,1.7337,0,0,0.0
bucketed,1,warm,supplied:ore-ni-trauma-wo-ataeta-joshitachi-ga-chirachira-mitekuru-kedo-zannen-desu-ga-teokure-desu_ch16:12.jpg,9,1,640,5.8578,524.9289,1.8005,0,0,0.0
bucketed,1,warm,supplied:ore-ni-trauma-wo-ataeta-joshitachi-ga-chirachira-mitekuru-kedo-zannen-desu-ga-teokure-desu_ch16:12.jpg,10,1,640,8.8803,602.6365,1.9441,0,0,0.0
bucketed,1,warm,supplied:ore-ni-trauma-wo-ataeta-joshitachi-ga-chirachira-mitekuru-kedo-zannen-desu-ga-teokure-desu_ch16:12.jpg,11,1,640,1.0691,477.3295,10.4379,0,0,0.0
bucketed,1,warm,supplied:ore-ni-trauma-wo-ataeta-joshitachi-ga-chirachira-mitekuru-kedo-zannen-desu-ga-teokure-desu_ch16:12.jpg,12,1,640,5.4935,830.3009,1.5565,0,0,0.0
bucketed,1,warm,supplied:ore-ni-trauma-wo-ataeta-joshitachi-ga-chirachira-mitekuru-kedo-zannen-desu-ga-teokure-desu_ch16:12.jpg,13,1,640,8.7038,399.377,4.3349,0,0,0.0
bucketed,1,warm,supplied:ore-ni-trauma-wo-ataeta-joshitachi-ga-chirachira-mitekuru-kedo-zannen-desu-ga-teokure-desu_ch16:12.jpg,14,1,640,1.4409,291.8634,1.738,0,0,0.0
bucketed,1,warm,supplied:ore-ni-trauma-wo-ataeta-joshitachi-ga-chirachira-mitekuru-kedo-zannen-desu-ga-teokure-desu_ch16:12.jpg,15,1,640,3.5942,446.2376,1.694,0,0,0.0
bucketed,1,warm,supplied:ore-ni-trauma-wo-ataeta-joshitachi-ga-chirachira-mitekuru-kedo-zannen-desu-ga-teokure-desu_ch16:12.jpg,16,1,640,7.6115,336.3831,5.363,0,0,0.0
bucketed,1,warm,supplied:ore-ni-trauma-wo-ataeta-joshitachi-ga-chirachira-mitekuru-kedo-zannen-desu-ga-teokure-desu_ch16:12.jpg,17,1,640,1.9796,442.3282,7.9492,0,0,0.0
bucketed,1,warm,supplied:ore-ni-trauma-wo-ataeta-joshitachi-ga-chirachira-mitekuru-kedo-zannen-desu-ga-teokure-desu_ch16:12.jpg,18,1,640,8.3023,383.014,5.0247,0,0,0.0
bucketed,1,warm,supplied:ore-ni-trauma-wo-ataeta-joshitachi-ga-chirachira-mitekuru-kedo-zannen-desu-ga-teokure-desu_ch16:12.jpg,19,1,640,7.5723,366.9978,6.638,0,0,0.0
bucketed,1,warm,supplied:ore-ni-trauma-wo-ataeta-joshitachi-ga-chirachira-mitekuru-kedo-zannen-desu-ga-teokure-desu_ch16:12.jpg,20,1,640,1.0513000000000001,542.9799,7.3951,0,0,0.0
