compile_ms,decoder_device,device,encoder_device,evidence,infer_count,infer_max_ms,infer_mean_ms,infer_median_ms,infer_min_ms,infer_p95_ms,kind,loop_count,loop_max_ms,loop_mean_ms,loop_median_ms,loop_min_ms,loop_p95_ms,loop_per_step_mean_ms,loop_steps,model,pipeline_count,pipeline_max_ms,pipeline_mean_ms,pipeline_median_ms,pipeline_min_ms,pipeline_p95_ms,pipeline_per_step_pipeline_ms,pipeline_steps,returncode,steps,unsupported_op_count
602.2770999989007,,CPU,,OBSERVED,3,48.66460000630468,39.05903333604025,38.446899998234585,30.065600003581494,48.66460000630468,stage,,,,,,,,,encoder,,,,,,,,,0,,0
1006.6216999839526,,GPU,,OBSERVED,3,11.568899994017556,10.767566670741266,10.999200021615252,9.734599996590987,11.568899994017556,stage,,,,,,,,,encoder,,,,,,,,,0,,0
,,NPU,,OBSERVED,,,,,,,stage,,,,,,,,,encoder,,,,,,,,,1,,
954.3690999853425,,AUTO,,OBSERVED,3,131.52149997767992,113.70046666706912,109.36950001632795,100.2104000071995,131.52149997767992,stage,,,,,,,,,encoder,,,,,,,,,0,,
5136.949700012337,,"HETERO:GPU,CPU",,OBSERVED,3,17.39720001933165,15.926366681621099,17.172899999422953,13.209000026108697,17.39720001933165,stage,,,,,,,,,encoder,,,,,,,,,0,,0
298.58649999368936,,CPU,,OBSERVED,3,6.878500018501654,5.565133333827059,5.465299997013062,4.351599985966459,6.878500018501654,stage,,,,,,,,,decoder_init,,,,,,,,,0,,0
745.9739000187255,,GPU,,OBSERVED,3,4.581299988785759,4.208666660512487,4.248400015057996,3.7962999776937068,4.581299988785759,stage,,,,,,,,,decoder_init,,,,,,,,,0,,0
,,NPU,,OBSERVED,,,,,,,stage,,,,,,,,,decoder_init,,,,,,,,,1,,
253.6614999989979,,AUTO,,OBSERVED,3,6.3270000100601465,5.289433339688306,5.263200000626966,4.278100008377805,6.3270000100601465,stage,,,,,,,,,decoder_init,,,,,,,,,0,,
1699.0194999962114,,"HETERO:GPU,CPU",,OBSERVED,3,6.64939999114722,5.35406667040661,4.80640001478605,4.6064000052865595,6.64939999114722,stage,,,,,,,,,decoder_init,,,,,,,,,0,,0
302.83369999960996,,CPU,,OBSERVED,3,4.305099981138483,3.9150666658921787,3.763500018976629,3.676599997561425,4.305099981138483,stage,,,,,,,,,decoder_step,,,,,,,,,0,,0
848.5820000059903,,GPU,,OBSERVED,3,4.6289000019896775,4.4636666716542095,4.4519000221043825,4.310199990868568,4.6289000019896775,stage,,,,,,,,,decoder_step,,,,,,,,,0,,0
,,NPU,,OBSERVED,,,,,,,stage,,,,,,,,,decoder_step,,,,,,,,,1,,
327.5232999876607,,AUTO,,OBSERVED,3,4.985299980035052,4.55393332716388,4.432099987752736,4.244400013703853,4.985299980035052,stage,,,,,,,,,decoder_step,,,,,,,,,0,,
1180.5143000092357,,"HETERO:GPU,CPU",,OBSERVED,3,9.789400006411597,8.488400004959354,8.77250000485219,6.903300003614277,9.789400006411597,stage,,,,,,,,,decoder_step,,,,,,,,,0,,0
,,CPU,,OBSERVED,,,,,,,dispatch_loop,3,3.5488999856170267,2.9944666700127223,2.7661000203806907,2.66840000404045,3.5488999856170267,2.9944666700127223,1,decoder_step,,,,,,,,,0,1,
,,CPU,,OBSERVED,,,,,,,dispatch_loop,3,16.546900005778298,13.94826666607211,13.388399995164946,11.909499997273088,16.546900005778298,3.4870666665180274,4,decoder_step,,,,,,,,,0,4,
,,CPU,,OBSERVED,,,,,,,dispatch_loop,3,61.645999987376854,54.224699997575954,51.985700003569946,49.04240000178106,61.645999987376854,3.389043749848497,16,decoder_step,,,,,,,,,0,16,
,,GPU,,OBSERVED,,,,,,,dispatch_loop,3,5.633199994917959,5.314966663718224,5.342399992514402,4.96930000372231,5.633199994917959,5.314966663718224,1,decoder_step,,,,,,,,,0,1,
,,GPU,,OBSERVED,,,,,,,dispatch_loop,3,26.407299999846146,23.284166663264234,21.836300002178177,21.608899987768382,26.407299999846146,5.821041665816058,4,decoder_step,,,,,,,,,0,4,
,,GPU,,OBSERVED,,,,,,,dispatch_loop,3,1651.408999983687,1264.4976666682244,1129.7992000181694,1012.2848000028171,1651.408999983687,79.03110416676402,16,decoder_step,,,,,,,,,0,16,
,,AUTO,,OBSERVED,,,,,,,dispatch_loop,3,35.39750000345521,14.764799998374656,4.670099995564669,4.226799996104091,35.39750000345521,14.764799998374656,1,decoder_step,,,,,,,,,0,1,
,,AUTO,,OBSERVED,,,,,,,dispatch_loop,3,30.219500011298805,25.42646666794705,23.89219999895431,22.16769999358803,30.219500011298805,6.3566166669867625,4,decoder_step,,,,,,,,,0,4,
,,AUTO,,OBSERVED,,,,,,,dispatch_loop,3,76.6455999983009,73.44369999676321,72.5621999881696,71.12330000381917,76.6455999983009,4.590231249797701,16,decoder_step,,,,,,,,,0,16,
,,"HETERO:GPU,CPU",,OBSERVED,,,,,,,dispatch_loop,3,7.718000008026138,6.171533333448072,5.40629998431541,5.390300008002669,7.718000008026138,6.171533333448072,1,decoder_step,,,,,,,,,0,1,
,,"HETERO:GPU,CPU",,OBSERVED,,,,,,,dispatch_loop,3,24.73559998907149,23.02056667394936,22.29400002397597,22.032100008800626,24.73559998907149,5.75514166848734,4,decoder_step,,,,,,,,,0,4,
,,"HETERO:GPU,CPU",,OBSERVED,,,,,,,dispatch_loop,3,86.52599999913946,84.9656666687224,85.797800013097,82.57319999393076,86.52599999913946,5.31035416679515,16,decoder_step,,,,,,,,,0,16,
,CPU,,CPU,OBSERVED,,,,,,,hybrid,,,,,,,,,,3,120.22120002075098,104.00133334527102,99.49210000922903,92.29070000583306,120.22120002075098,13.000166668158878,8,0,,
,GPU,,CPU,OBSERVED,,,,,,,hybrid,,,,,,,,,,3,1104.6627999749035,1012.4974666590182,981.7935999890324,951.0360000131186,1104.6627999749035,126.56218333237727,8,0,,
,AUTO,,CPU,OBSERVED,,,,,,,hybrid,,,,,,,,,,3,113.69259998900816,106.49496666155756,104.4664999935776,101.32580000208691,113.69259998900816,13.311870832694694,8,0,,
,"HETERO:GPU,CPU",,CPU,OBSERVED,,,,,,,hybrid,,,,,,,,,,3,155.21519997855648,150.4718666546978,148.1762999901548,148.02409999538213,155.21519997855648,18.808983331837226,8,0,,
,CPU,,"HETERO:GPU,CPU",OBSERVED,,,,,,,hybrid,,,,,,,,,,3,78.07009998941794,76.72126667845684,76.9239000219386,75.16980002401397,78.07009998941794,9.590158334807105,8,0,,
,GPU,,"HETERO:GPU,CPU",OBSERVED,,,,,,,hybrid,,,,,,,,,,3,106.50349999195896,103.09859999688342,102.2182000160683,100.57409998262301,106.50349999195896,12.887324999610428,8,0,,
,AUTO,,"HETERO:GPU,CPU",OBSERVED,,,,,,,hybrid,,,,,,,,,,3,126.92740000784397,110.72323333549623,107.25299999467097,97.98930000397377,126.92740000784397,13.840404166937029,8,0,,
,"HETERO:GPU,CPU",,"HETERO:GPU,CPU",OBSERVED,,,,,,,hybrid,,,,,,,,,,3,123.86839999817312,114.93633332429454,111.44579999381676,109.49479998089373,123.86839999817312,14.367041665536817,8,0,,
,CPU,,GPU,OBSERVED,,,,,,,hybrid,,,,,,,,,,3,50.5364999989979,46.85536667238921,45.1562000089325,44.87340000923723,50.5364999989979,5.856920834048651,8,0,,
,GPU,,GPU,OBSERVED,,,,,,,hybrid,,,,,,,,,,3,113.13880002126098,106.87820000263552,106.75959999207407,100.7361999945715,113.13880002126098,13.35977500032944,8,0,,
,AUTO,,GPU,OBSERVED,,,,,,,hybrid,,,,,,,,,,3,136.5086000005249,114.96093333698809,116.52730000787415,91.84690000256523,136.5086000005249,14.370116667123511,8,0,,
,"HETERO:GPU,CPU",,GPU,OBSERVED,,,,,,,hybrid,,,,,,,,,,3,256.96420000167564,206.18843333795667,220.6863000174053,140.91479999478906,256.96420000167564,25.773554167244583,8,0,,
,CPU,,AUTO,OBSERVED,,,,,,,hybrid,,,,,,,,,,3,52.45670001022518,46.764700004132465,46.16329999407753,41.67410000809468,52.45670001022518,5.845587500516558,8,0,,
,GPU,,AUTO,OBSERVED,,,,,,,hybrid,,,,,,,,,,3,205.7267000200227,163.05563334026374,157.1109999786131,126.32920002215542,205.7267000200227,20.381954167532967,8,0,,
,AUTO,,AUTO,OBSERVED,,,,,,,hybrid,,,,,,,,,,3,212.9784999997355,205.94646667207903,207.88960001664236,196.97129999985918,212.9784999997355,25.74330833400988,8,0,,
,"HETERO:GPU,CPU",,AUTO,OBSERVED,,,,,,,hybrid,,,,,,,,,,3,193.6959000013303,180.19289999695806,174.04149999492802,172.84129999461584,193.6959000013303,22.524112499619758,8,0,,
